Date,Open,High,Low,Close,Volume,Year,Month,Symbol,Sector,Company Name
2025-08-26,12.39,12.39,11.31,11.64,73270,2025,8,786,Banks/INV. COS/Securities COS.,786 Investment Limited
2025-08-26,1084.0,1094.8,1060.0,1087.79,379,2025,8,AABS,Sugar and Allied Industries,Al-Abbas Sugar Mills Limited
2025-08-26,58.01,60.96,57.1,57.6,16253,2025,8,AATM,Textile Spinning,Ali Asghar Textile Mills Limited
2025-08-26,188.0,188.0,181.0,182.39,136192,2025,8,ABL,Commercial Banks,Allied Bank Limited
2025-08-26,1190.64,1192.0,1170.01,1173.74,10725,2025,8,ABOT,Pharmaceuticals,Abbot Laboatories (Pakistan) Limited
2025-08-26,291.92,295.0,290.0,290.65,184501,2025,8,ACPL,Cement,Attock Cement (Pakistan) Limited
2025-08-26,68.5,71.89,68.01,70.0,2467,2025,8,ADAMS,Sugar and Allied Industries,Adam Sugar Mills Limited
2025-08-26,64.0,64.0,61.9,61.96,53279,2025,8,ADMM,Textile Composite,Artistic Denim Mills Limited
2025-08-26,8.96,9.0,8.9,8.92,1026214,2025,8,AGHA,Engineering,Agha Steel Indunstries Limited
2025-08-26,45.5,45.5,44.0,44.17,43930,2025,8,AGIC,Insurance,Askari General Inusrance Company Limited
2025-08-26,140.2,141.98,138.32,139.96,35198,2025,8,AGIL,Automobile Parts and Accessories,Agriautos Industries Limited
2025-08-26,83.2,83.75,80.5,81.01,1230557,2025,8,AGL,Chemical,Agritech Limited
2025-08-26,209.43,209.99,203.5,204.29,234183,2025,8,AGP,Pharmaceuticals,AGP Limited
2025-08-26,9.0,9.55,8.9,9.15,3808596,2025,8,AGSML,Sugar and Allied Industries,Abdullah Shah Ghazi Sugar Mills Limited
2025-08-26,404.0,407.0,403.0,404.31,24159,2025,8,AGTL,Automobile Assembler,Al-Ghazi Tractors Limited
2025-08-26,12.68,13.38,12.54,13.12,8793138,2025,8,AHCL,Fertilizer,Arif Habib Corporation Limited
2025-08-26,93.35,94.0,93.01,93.48,41947,2025,8,AHL,Banks/INV. COS/Securities COS.,Arif Habib Limited
2025-08-26,78.6,78.6,78.6,78.53,6,2025,8,AHTM,Textile Composite,Ahmed Hassan Textile Mills Limited
2025-08-26,72.55,72.9,71.5,72.17,1535384,2025,8,AICL,Insurance,Adamjee Insurance Company Limited
2025-08-26,156.25,156.25,150.0,150.93,3581900,2025,8,AIRLINK,Technoly and Commnunication,Air Link Communication Limited
2025-08-26,77.04,77.8,76.5,76.89,2666196,2025,8,AKBL,Commercial Banks,Askari Bank Limited
2025-08-26,178.49,195.8,178.49,190.54,13879,2025,8,AKDHL,Misc.,AKD Hospitality Limited
2025-08-26,34.5,35.21,34.0,34.1,532486,2025,8,AKDSL,Banks/INV. COS/Securities COS.,AKD Securities Limited
2025-08-26,10.48,10.49,9.86,10.16,2075211,2025,8,ALAC,Insurance,Askari Life Assurance Company Limited
2025-08-26,36.52,36.52,35.16,36.0,87142,2025,8,ALIFE,Insurance,Adamjee Life Assurance Company Limited
2025-08-26,98.0,98.0,98.0,98.0,300,2025,8,ALNRS,Sugar and Allied Industries,Al-Noor Sugar Mills Limited
2025-08-26,14.99,15.52,14.25,15.1,17211028,2025,8,ALTN,Power Generation and Distribution,Altern Energy Limited
2025-08-26,4.1,4.15,3.89,4.0,2828382,2025,8,AMTEX,Textile Spinning,Amtex Limited
2025-08-26,12.94,12.94,12.6,12.68,984139,2025,8,ANL,Textile Composite,Azgard Nine Limited
2025-08-26,14.29,14.29,14.29,14.29,15897,2025,8,ANSM,Sugar and Allied Industries,Ansari Sugar Mills Limtied
2025-08-26,32.88,32.88,30.24,30.45,11560,2025,8,ANTM,Textile Composite,AN Textile Mills Limited
2025-08-26,524.49,524.49,518.0,520.0,20370,2025,8,APL,Oil and Gas Marketing,Attock Petroleum Limited
2025-08-26,39.49,39.49,39.49,38.82,60,2025,8,ARCTM,Textile Spinning,Arctic Textile Mills Limited
2025-08-26,464.0,465.0,454.0,454.88,7892,2025,8,ARPL,Chemical,Archroma Pakistan Limited
2025-08-26,9.79,9.8,9.59,9.59,26369,2025,8,ARUJ,Textile Composite,Aruj Industries Limited
2025-08-26,20.7,21.68,20.5,21.68,5941408,2025,8,ASC,Food and Personal Care Products,Al-Shaheer Corporation Limited
2025-08-26,23.15,25.8,23.15,23.15,1111,2025,8,ASHT,Textile Weaving,Ashfaq Textile Mills Limited
2025-08-26,18.7,18.7,18.7,17.0,80,2025,8,ASIC,Insurance,Asia Insurance Company Limited
2025-08-26,13.39,13.6,13.0,13.27,12304794,2025,8,ASL,Engineering,Aisha Steel Mills Limited
2025-08-26,46.54,46.54,46.54,46.54,1000,2025,8,ASLCPS,Engineering,Aisha Steel Mills Ltd(Con.Cum.Pref.Share
2025-08-26,25.87,26.0,25.86,28.69,59,2025,8,ASLPS,Engineering,Aisha Steel Mills Limited (Preference Shares)
2025-08-26,21.95,22.0,21.5,21.89,365366,2025,8,ASTL,Engineering,Amreli Steels Ltd.
2025-08-26,36.81,38.31,35.01,36.16,13220,2025,8,ASTM,Textile Spinning,Asim Textile Mills Limited
2025-08-26,276.2,280.8,255.0,257.79,107806,2025,8,ATBA,Automobile Parts and Accessories,Atlas Battery Limited
2025-08-26,80.0,83.45,80.0,82.03,13840,2025,8,ATIL,Insurance,Atlas Insurance Limited
2025-08-26,1225.0,1235.0,1220.05,1225.07,9502,2025,8,ATLH,Automobile Assembler,Atlas Honda Limited
2025-08-26,656.0,665.45,652.0,662.71,1008103,2025,8,ATRL,Refinery,Attock Refinery Limited
2025-08-26,49.66,50.15,49.6,49.97,929233,2025,8,AVN,Technoly and Commnunication,Avanceon Limited
2025-08-26,106.0,106.0,105.01,105.57,950877,2025,8,BAFL,Commercial Banks,Bank Al-Falah Limited
2025-08-26,235.99,235.99,220.86,221.8,8580,2025,8,BAFS,Sugar and Allied Industries,Baba Farid Sugar Mills Limited
2025-08-26,201.7,201.7,188.0,191.46,500175,2025,8,BAHL,Commercial Banks,Bank Al-Habib Limited
2025-08-26,50.6,50.99,49.01,49.17,146667,2025,8,BAPL,Chemical,Bawany Air Product Limited
2025-08-26,1729.11,1740.0,1540.42,1554.41,27993,2025,8,BATA,Leather and Tanneries,Bata Pakistan Limited
2025-08-26,114.9,114.9,111.51,113.07,13039,2025,8,BCL,Engineering,Bolan Casting Limited
2025-08-26,19.01,19.35,18.7,18.73,626739,2025,8,BECO,Engineering,Beco Steel Limited
2025-08-26,120.0,121.8,115.0,121.74,3164,2025,8,BELA,Automobile Parts and Accessories,Bela Automotive Limited
2025-08-26,111.12,112.5,110.6,111.31,56525,2025,8,BERG,Chemical,Berger Paints Pakistan Limited
2025-08-26,13.11,13.14,12.52,12.73,10547,2025,8,BFMOD,Modrabas,B.F. Modaraba
2025-08-26,12.57,13.24,12.48,12.55,8005418,2025,8,BGL,Grass and Ceramics,Baluchistan Glass Limited
2025-08-26,929.05,959.89,929.0,955.54,1206,2025,8,BHAT,Textile Composite,Bhanero Textile Mills Limited
2025-08-26,189.8,189.8,186.0,186.59,60857,2025,8,BIFO,Chemical,Biafo Industries Limited
2025-08-26,23.5,24.49,23.31,23.69,353735,2025,8,BILF,Textile Spinning,Bilal Fibres Limited
2025-08-26,36.0,36.5,35.36,35.96,1624491,2025,8,BIPL,Commercial Banks,Bankislami Pakistan Limited
2025-08-26,99.0,104.5,88.46,97.91,7838569,2025,8,BNL,Food and Personal Care Products,Bunny's Limited
2025-08-26,79.8,79.8,76.36,76.89,17538,2025,8,BNWM,Woollen,Bannu Woollen Mills Limited
2025-08-26,21.44,21.45,18.5,21.45,618387,2025,8,BOK,Commercial Banks,Bank Of Khyber Limited
2025-08-26,14.68,14.87,14.61,14.68,10217003,2025,8,BOP,Commercial Banks,Bank Of Punjab Limited
2025-08-26,33.74,36.84,33.74,35.68,253812,2025,8,BPL,Oil and Gas Marketing,Burshane LPG (Pakistan) Limited
2025-08-26,325.0,325.0,308.01,315.0,232,2025,8,BTL,Textile Composite,Blessed Textile Mills Limited
2025-08-26,174.0,174.0,170.0,173.96,1295,2025,8,BUXL,Chemical,Buxly Paints Limited
2025-08-26,553.33,583.98,553.33,574.1,25750,2025,8,BWCL,Cement,Bestway Cement Limited
2025-08-26,186.0,186.85,181.0,183.6,60613,2025,8,BWHL,Automobile Parts and Accessories,Baluchistan Wheels Limited
2025-08-26,39.6,39.6,38.0,38.02,1924,2025,8,CASH,Banks/INV. COS/Securities COS.,Calcorp Limited
2025-08-26,49.63,53.54,49.63,53.6,358,2025,8,CCM,Textile Spinning,Crescent Cotton Mills Limited
2025-08-26,47.9,48.0,46.0,46.0,2200,2025,8,CENI,Insurance,Century Insurance Company Limited
2025-08-26,27.82,28.33,27.49,27.6,205309,2025,8,CEPB,Paper and Board,Century Paper and Board Mills Limited
2025-08-26,75.5,75.5,69.01,72.72,616,2025,8,CHAS,Sugar and Allied Industries,Chashma Sugar Mills Limited.
2025-08-26,23.01,23.24,22.51,23.0,764602,2025,8,CHBL,Textile Composite,Chenab Limited
2025-08-26,331.0,336.0,331.0,332.47,43310,2025,8,CHCC,Cement,Cherat Cement Company Limited
2025-08-26,11.5,11.7,11.07,11.14,60323,2025,8,CJPL,JUTE,Crescent Jute Proudcts Limited
2025-08-26,4.1,4.19,4.0,4.04,292052,2025,8,CLCPS,Textile Composite,Chenab Limited - Preference Shares
2025-08-26,41.49,41.75,41.25,41.58,69290,2025,8,CLOV,Food and Personal Care Products,Clover Pakistan Limited
2025-08-26,19.01,19.39,18.37,19.0,5552,2025,8,CLVL,Transport,Cordoba Logistics & Ventures Limited
2025-08-26,7.08,7.15,7.01,7.08,4748567,2025,8,CNERGY,Refinery,Cnergyico PK  Limited
2025-08-26,1298.0,1305.0,1293.01,1294.78,5586,2025,8,COLG,Chemical,Colgate Palmolive (Pakistan) Limited
2025-08-26,89.0,91.4,88.75,89.62,4088757,2025,8,CPHL,Pharmaceuticals,Citi Pharma Ltd.
2025-08-26,109.1,112.8,109.1,112.05,116684,2025,8,CPPL,Paper and Board,Cherat Packaging Limited.
2025-08-26,21.49,21.7,21.2,21.42,203631,2025,8,CRTM,Textile Composite,Crescent Textile Mills Limited
2025-08-26,101.7,105.5,101.0,103.77,1125674,2025,8,CSAP,Engineering,Crescent Steel & Allied Products Limited
2025-08-26,4.23,4.76,4.2,4.34,12131741,2025,8,CSIL,Insurance,Crescent Star Insurance Company Limited
2025-08-26,6.39,6.39,6.03,6.05,153810,2025,8,CTM,Textile Spinning,Colony Textile Mills Limited
2025-08-26,36.51,37.9,36.0,36.06,160396,2025,8,CWSM,Textile Spinning,Chakwal Spinning Mills Limited
2025-08-26,39.4,40.0,36.73,37.11,631714,2025,8,CYAN,Insurance,Cyan Limited
2025-08-26,108.5,108.5,104.14,105.88,1400,2025,8,DAAG,Chemical,Data Agro Limited
2025-08-26,66.86,66.86,64.41,65.39,1120,2025,8,DADX,Engineering,Dadex Eternit Limited
2025-08-26,8.01,8.39,8.0,8.08,1445411,2025,8,DBCI,Cement,Dadabhoy Cement Industries Limited
2025-08-26,12.77,13.09,12.62,12.76,4752690,2025,8,DCL,Cement,Dewan Cement Limited
2025-08-26,32.3,32.49,32.01,32.07,731127,2025,8,DCR,Real Estate Investment Trust,Dolmen City Reit
2025-08-26,18.9,18.9,17.02,17.39,675639,2025,8,DEL,Banks/INV. COS/Securities COS.,Dawood Equities Limited
2025-08-26,33.8,34.21,33.8,33.87,740071,2025,8,DFML,Automobile Assembler,Dewan Farooque Motors Limited
2025-08-26,6.28,6.28,5.95,5.98,419694,2025,8,DFSM,Textile Spinning,Dewan Farooque Spinning Mills Limited
2025-08-26,186.45,190.48,185.3,188.91,3057532,2025,8,DGKC,Cement,D.G. Khan Cement Company Limited
2025-08-26,33.7,36.5,33.7,36.0,3308,2025,8,DIIL,Misc.,Diamond Industries Limited
2025-08-26,75.02,80.0,75.02,77.54,367,2025,8,DINT,Textile Spinning,Din Textile Mills Limited
2025-08-26,383.99,388.21,365.2,378.03,103893,2025,8,DLL,Banks/INV. COS/Securities COS.,Dawood Lawrancepur Limited
2025-08-26,14.53,14.53,12.35,14.53,30130,2025,8,DMTM,Textile Spinning,Dewan Mushtaq Textile Mills Limited
2025-08-26,15.11,15.7,15.0,15.31,48745,2025,8,DNCC,Cement,Dandot Cement Company Limited
2025-08-26,35.51,35.99,35.0,35.19,753230,2025,8,DOL,Chemical,Descon Oxychem Limited
2025-08-26,6.03,6.2,6.0,6.12,419504,2025,8,DSIL,Textile Spinning,D.S. Industires Limited
2025-08-26,9.39,9.55,9.39,9.5,32860,2025,8,DSL,Engineering,Dost Steels Limited
2025-08-26,28.8,28.9,28.2,28.39,16426,2025,8,DWAE,Automobile Parts and Accessories,Dewan Automotive Engineering Limited
2025-08-26,6.37,6.37,6.1,6.12,290494,2025,8,DWSM,Sugar and Allied Industries,Dewan Sugar Mills Limited
2025-08-26,7.05,8.29,7.05,7.65,76322,2025,8,DWTM,Textile Spinning,Dewan Textile Mills Limited
2025-08-26,294.98,294.98,285.02,288.8,57017,2025,8,DYNO,Chemical,Dynea Pakistan Limited
2025-08-26,71.0,74.22,69.5,72.39,4641674,2025,8,ECOP,Misc.,Ecopack Limited
2025-08-26,206.8,206.8,202.54,203.8,2750498,2025,8,EFERT,Fertilizer,Engro Fertilizers Limited
2025-08-26,130.5,130.5,125.26,129.77,1266,2025,8,EFUG,Insurance,EFU General Insurance Limited
2025-08-26,159.0,160.99,156.0,158.0,5493,2025,8,EFUL,Insurance,EFU Life Assurance Limited
2025-08-26,237.05,237.66,237.05,237.66,2433,2025,8,ELCM,Textile Spinning,Elahi Cotton Mills Limited
2025-08-26,129.0,129.0,121.0,125.39,251,2025,8,ELSM,Textile Spinning,Ellcot  Spinning Mills Limited
2025-08-26,62.94,62.94,60.15,60.41,8365,2025,8,EMCO,Cable and Electrical Goods,Emco Industries Limited
2025-08-26,28.15,28.7,28.15,28.4,843201,2025,8,EPCL,Chemical,Engro Polymer and Chemicals Limited
2025-08-26,13.5,13.5,11.25,11.29,1305,2025,8,EPCLPS,Chemical,Engro Poly(PREF)
2025-08-26,29.04,29.17,28.88,28.9,278659,2025,8,EPQL,Power Generation and Distribution,Engro Powergen Qadirpur Limited
2025-08-26,6.11,6.3,6.1,6.13,16699,2025,8,ESBL,Banks/INV. COS/Securities COS.,Escorts Investment Bank Limited
2025-08-26,758.99,758.99,751.0,751.37,6474,2025,8,EXIDE,Automobile Parts and Accessories,Exide Pakistan Limited
2025-08-26,81.88,81.99,79.2,79.69,1062038,2025,8,FABL,Commercial Banks,Faysal Bank Limited
2025-08-26,5.41,5.65,5.2,5.37,188399,2025,8,FANM,Modrabas,First Al-Noor Modarba
2025-08-26,403.99,404.0,403.99,397.48,101,2025,8,FASM,Textile Composite,Faisal Spinning Mills Limited
2025-08-26,127.0,127.8,126.56,126.96,296092,2025,8,FATIMA,Fertilizer,Fatima Fertilizer Company Limited
2025-08-26,51.4,52.24,50.9,51.78,7990896,2025,8,FCCL,Cement,Fauji Cement Company Limited
2025-08-26,7.0,7.45,7.0,7.45,410416,2025,8,FCEL,Banks/INV. COS/Securities COS.,First Capital Equites Limited
2025-08-26,85.46,87.35,84.9,85.21,1043529,2025,8,FCEPL,Food and Personal Care Products,Frieslandcampins Engro Foods Limited
2025-08-26,13.5,14.1,13.5,13.84,27513,2025,8,FCIBL,Banks/INV. COS/Securities COS.,First Credit & Invest Bank Limited
2025-08-26,2.81,2.82,2.7,2.76,1787617,2025,8,FCSC,Banks/INV. COS/Securities COS.,First Capital Securites Corporation Limited
2025-08-26,25.0,25.0,22.81,23.31,524,2025,8,FECM,Modrabas,First Elite Capital Modaraba
2025-08-26,90.99,91.0,89.0,89.8,51401,2025,8,FECTC,Cement,Fecto Cement Limited
2025-08-26,6.5,6.65,6.15,6.46,18132,2025,8,FEM,Modrabas,First Equity Modarba
2025-08-26,427.97,446.0,422.1,427.32,171223,2025,8,FEROZ,Pharmaceuticals,Ferozsons Laboratories Limited
2025-08-26,436.74,444.87,435.0,441.83,2316037,2025,8,FFC,Fertilizer,Fauji Fertilizer Company Limited
2025-08-26,17.15,17.23,16.85,16.89,11323195,2025,8,FFL,Food and Personal Care Products,Fauji Foods Limited
2025-08-26,8.3,8.3,7.8,7.81,62368,2025,8,FFLM,Modrabas,First Fidelity Leasing Modaraba
2025-08-26,30.2,30.21,29.5,30.01,107381,2025,8,FHAM,Modrabas,First Habib Modarba Limited
2025-08-26,8.0,8.65,7.91,8.59,14429,2025,8,FIBLM,Modrabas,First IBL Modaraba
2025-08-26,216.05,236.36,214.56,233.51,311,2025,8,FIL,Leather and Tanneries,Fateh Industries Limited.
2025-08-26,212.0,212.0,212.0,208.59,50,2025,8,FIMM,Modrabas,First Imrooz Modaraba Limited
2025-08-26,50.4,50.4,49.4,49.74,92671,2025,8,FLYNG,Cement,Flying Cement Company Limited
2025-08-26,73.74,75.45,72.55,74.0,17261,2025,8,FML,Textile Composite,Feroze 1888 Mills Limited
2025-08-26,4.03,4.13,3.81,3.98,1617219,2025,8,FNEL,Banks/INV. COS/Securities COS.,First National Equities Limited
2025-08-26,4.52,4.52,4.24,4.28,188318,2025,8,FPJM,Modrabas,First Punjab Modarba
2025-08-26,12.97,12.97,11.35,11.51,49051,2025,8,FPRM,Modrabas,First Paramount Modaraba
2025-08-26,46.62,47.86,42.65,43.12,38029,2025,8,FRCL,Grass and Ceramics,Frontier Ceramics Limited
2025-08-26,44.76,46.95,44.76,45.17,3509,2025,8,FRSM,Sugar and Allied Industries,Faran Sugar Mills Limited
2025-08-26,115.3,116.0,112.02,115.23,1248,2025,8,FSWL,Textile Composite,Fateh Sports Wear Limited
2025-08-26,18.95,18.99,18.13,18.18,1541,2025,8,FTMM,Modrabas,First Treet Manufacturing Modarba
2025-08-26,13.03,13.98,13.03,13.58,15,2025,8,FTSM,Modrabas,First Tri-Star Modarba
2025-08-26,283.99,284.9,275.0,281.55,602,2025,8,FZCM,Textile Composite,Fazal Cloth Mills Limited
2025-08-26,449.26,453.8,435.01,442.02,26567,2025,8,GADT,Textile Spinning,Gadoon Textile Mills Limited
2025-08-26,28.4,29.0,27.86,28.46,107972,2025,8,GAMON,Misc.,Gammon Pakistan Limited
2025-08-26,131.97,131.97,127.0,127.32,218421,2025,8,GATI,Synthetic and Rayon,Gatron Industries Limited
2025-08-26,35.0,36.0,34.85,35.15,3553903,2025,8,GATM,Textile Composite,Gul Ahmed Textile Mills Limited
2025-08-26,28.11,28.9,27.75,28.03,9067768,2025,8,GCIL,Chemical,Ghani Chemical Industries Limited
2025-08-26,0.0,0.0,0.0,16.71,2500,2025,8,GEMPAPL,Paper and Board,Pak Agro Packaging Limited(GEM)
2025-08-26,37.05,37.47,37.02,37.02,1101,2025,8,GEMSPNL,Technoly and Commnunication,Supernet Limited
2025-08-26,13.5,13.84,13.01,13.67,12879,2025,8,GFIL,Textile Composite,Ghazi Fabrics International Limited
2025-08-26,12.58,12.65,11.92,12.16,7737469,2025,8,GGGL,Grass and Ceramics,Ghani Global Glass Limited
2025-08-26,24.11,24.4,23.65,24.0,2980398,2025,8,GGL,Chemical,Ghani Global Holdings Limited
2025-08-26,42.76,43.0,42.5,42.58,175377,2025,8,GHGL,Grass and Ceramics,Ghani Glass Limited
2025-08-26,818.79,819.83,806.0,807.49,146859,2025,8,GHNI,Automobile Assembler,Ghandhara Industries Limited
2025-08-26,420.09,432.0,400.02,405.59,2411687,2025,8,GLAXO,Pharmaceuticals,GlaxoSmithKline (Pakistan) Limited
2025-08-26,258.0,266.2,242.0,247.02,25776,2025,8,GLPL,Food and Personal Care Products,Gillette Pakistan Limited
2025-08-26,130.01,138.0,130.0,130.14,949,2025,8,GOC,Misc.,GOC (Pak) Limited.
2025-08-26,19.8,20.0,19.8,19.93,146078,2025,8,GRR,Real Estate Investment Trust,Globe Residency Reit
2025-08-26,20.72,21.0,19.05,19.68,48521,2025,8,GRYL,Leasing Companies,Grays Leasing Limited
2025-08-26,6.51,7.38,5.76,6.08,602618,2025,8,GSPM,Textile Spinning,Gulshan Spinning Mills Limited
2025-08-26,46.4,46.95,46.03,46.41,102102,2025,8,GTYR,Automobile Parts and Accessories,General Tyre and Rubber Co. of Pakistan Limited
2025-08-26,11.0,11.0,10.75,10.75,35723,2025,8,GUSM,Textile Spinning,Gulistan Spinning Mills Limited
2025-08-26,66.98,67.86,65.26,66.0,90076,2025,8,GVGL,Grass and Ceramics,Ghani Value Glass Limited
2025-08-26,52.44,53.35,52.1,52.79,680014,2025,8,GWLC,Cement,Gharibwal Cement Limited
2025-08-26,82.0,82.19,81.0,81.1,6407,2025,8,HABSM,Sugar and Allied Industries,Habib Sugar Mills Limited
2025-08-26,22.26,22.55,20.13,22.35,106129,2025,8,HAEL,Textile Composite,Hala Enterprises Limited
2025-08-26,351.33,384.97,351.33,385.0,11,2025,8,HAFL,Textile Composite,Hafiz Limited
2025-08-26,884.0,909.0,875.0,886.19,340023,2025,8,HALEON,Pharmaceuticals,Haleon Pakistan Limited
2025-08-26,10.6,10.8,10.54,10.56,3771680,2025,8,HASCOL,Oil and Gas Marketing,Hascol Petroleum Limited
2025-08-26,263.4,264.5,258.0,258.68,1074871,2025,8,HBL,Commercial Banks,Habib Bank Limited
2025-08-26,294.0,294.77,290.11,291.77,300812,2025,8,HCAR,Automobile Assembler,Honda Atlas Cars (Pakistan) Limited
2025-08-26,13.3,13.59,13.3,13.37,774787,2025,8,HGFA,Close End Mutual Funds,HBL Growth Fund
2025-08-26,15.95,16.0,15.6,15.69,111629,2025,8,HICL,Insurance,Habib Insurance Company Limited
2025-08-26,5.6,5.64,5.5,5.59,720655,2025,8,HIFA,Close End Mutual Funds,HBL Investment Fund
2025-08-26,551.0,557.0,544.0,547.82,27396,2025,8,HINO,Automobile Assembler,HinoPak Motors Limited
2025-08-26,1231.0,1237.99,1214.99,1220.41,111472,2025,8,HINOON,Pharmaceuticals,Highnoon Laboratories Limited
2025-08-26,5.4,5.4,5.18,5.2,711095,2025,8,HIRAT,Textile Spinning,Hira Textile Mills Limited
2025-08-26,120.0,120.0,115.0,117.43,56873,2025,8,HMB,Commercial Banks,Habib Metropolitan Bank Limited
2025-08-26,32.0,32.5,31.8,32.0,15403,2025,8,HRPL,Sugar and Allied Industries,Habib Rice Product Limited.
2025-08-26,45.49,47.1,45.0,46.43,1189534,2025,8,HTL,Oil and Gas Marketing,Hi-Tech Lubricants Limited
2025-08-26,162.11,167.84,162.11,164.42,12573014,2025,8,HUBC,Power Generation and Distribution,Hub Power Company Limited
2025-08-26,13.99,14.0,13.65,13.91,1865056,2025,8,HUMNL,Technoly and Commnunication,Hum Network Limited
2025-08-26,29.9,30.0,29.0,29.64,1282,2025,8,HUSI,Textile Composite,Husein Industries Limited
2025-08-26,16.7,17.74,16.04,16.8,1283155,2025,8,HWQS,Sugar and Allied Industries,Haseeb Waqas Sugar Mills Limited
2025-08-26,320.0,325.0,311.0,312.17,398,2025,8,IBFL,Synthetic and Rayon,Ibrahim Fibre Limited
2025-08-26,62.05,62.35,61.8,62.15,94522,2025,8,IBLHL,Pharmaceuticals,IBL HealthCare Limited
2025-08-26,12.4,12.4,11.9,12.01,14447,2025,8,ICCI,Textile Weaving,ICC Industries Limited
2025-08-26,8.33,8.55,8.2,8.22,1439096,2025,8,ICIBL,Banks/INV. COS/Securities COS.,Invest Capital Investment Bank Limited
2025-08-26,89.9,91.5,89.0,90.0,58216,2025,8,ICL,Chemical,Ittehad Chemical Limited
2025-08-26,22.0,22.9,22.0,22.52,55957,2025,8,IDRT,Textile Spinning,Idrees Textile Mills Limited
2025-08-26,24.94,25.09,24.1,25.09,16794,2025,8,IDSM,Textile Spinning,Ideal Spinning Mills Limited
2025-08-26,175.48,175.5,170.7,172.98,4046,2025,8,IDYM,Textile Spinning,Indus Dyeing Manufacturing Company Limited
2025-08-26,331.0,334.0,298.11,305.58,334706,2025,8,IGIHL,Insurance,IGI Holdings Limited
2025-08-26,22.0,22.65,20.25,20.88,94167,2025,8,IGIL,Insurance,IGI Life Insurance Company Limited
2025-08-26,72.0,72.2,70.8,71.66,505124,2025,8,ILP,Textile Composite,Interloop Limited
2025-08-26,27.55,28.9,27.55,27.91,5406960,2025,8,IMAGE,Synthetic and Rayon,Image Pakistan Limited
2025-08-26,20.1,22.45,20.1,21.51,19962,2025,8,IML,Banks/INV. COS/Securities COS.,Imperial Mills Limited
2025-08-26,2310.0,2430.0,2300.0,2346.58,93643,2025,8,INDU,Automobile Assembler,Indus Motor Company Limited
2025-08-26,192.0,196.0,191.0,194.95,127977,2025,8,INIL,Engineering,International Industries Limited
2025-08-26,43.0,43.99,40.0,42.67,15732,2025,8,INKL,Textile Composite,International Knitwear Limited
2025-08-26,2000.01,2178.99,2000.01,2176.14,82,2025,8,ISIL,Food and Personal Care Products,Ismail Industries Limited
2025-08-26,103.52,105.1,103.01,104.83,142806,2025,8,ISL,Engineering,International Steels Limited
2025-08-26,9.1,9.19,8.8,9.04,1461635,2025,8,ITTEFAQ,Engineering,Ittefaq Iron Industries Limited
2025-08-26,34.0,34.01,33.33,33.33,12092,2025,8,JATM,Textile Spinning,J.A. Textile Mills Limited
2025-08-26,97.97,98.0,93.0,97.07,7148,2025,8,JDMT,Textile Spinning,Janana-de-Malucho Textile Mills Limited
2025-08-26,944.99,944.99,922.12,934.99,905,2025,8,JDWS,Sugar and Allied Industries,J.D.W. Sugar Mills Limited
2025-08-26,75.89,76.5,72.1,75.17,699775,2025,8,JGICL,Insurance,Jubilee General Insurance Company Limited
2025-08-26,280.0,288.0,270.18,275.24,572,2025,8,JKSM,Textile Spinning,J.K. Spinning Mills Limited
2025-08-26,174.0,176.0,166.77,169.49,9170,2025,8,JLICL,Insurance,Jubilee Life Insurance Company Limited
2025-08-26,14.4,14.4,13.86,14.01,472667,2025,8,JSBL,Commercial Banks,JS Bank Limited
2025-08-26,24.24,24.24,23.6,23.84,674047,2025,8,JSCL,Banks/INV. COS/Securities COS.,Jahangir Siddiqui Company Limited
2025-08-26,11.25,13.0,11.15,12.0,8595,2025,8,JSCLPSA,Banks/INV. COS/Securities COS.,Jahangir Sidd(PREF)
2025-08-26,147.04,147.04,147.04,147.04,300,2025,8,JSGCL,Banks/INV. COS/Securities COS.,JS Global Capital Limited
2025-08-26,31.95,33.89,30.0,30.43,4100,2025,8,JSIL,Banks/INV. COS/Securities COS.,JS Investments Limited
2025-08-26,48.11,53.32,47.5,52.42,511495,2025,8,JSML,Sugar and Allied Industries,Jauharabad Sugar Mills Limited
2025-08-26,48.0,48.0,39.28,42.29,652465,2025,8,JUBS,Textile Composite,Jubilee Spinning and Weaving Mills Limited
2025-08-26,77.85,82.9,77.4,80.97,1193387,2025,8,JVDC,Property,Javedan Corporation Limited
2025-08-26,36.0,36.45,35.52,35.86,896021,2025,8,KAPCO,Power Generation and Distribution,Kot Addu Power Company Limited
2025-08-26,168.0,168.0,167.0,165.24,223,2025,8,KCL,Grass and Ceramics,Karam Ceramics Limited
2025-08-26,5.05,5.06,4.97,5.0,12171023,2025,8,KEL,Power Generation and Distribution,K-Electric Limited
2025-08-26,469.01,469.01,461.0,462.03,6720,2025,8,KHTC,Tobacco,Khyber Tobacco Company Limited
2025-08-26,1488.0,1500.0,1436.09,1492.94,158,2025,8,KHYT,Textile Composite,Khyber Textile Mills Limited
2025-08-26,82.25,90.45,82.21,84.18,114573,2025,8,KML,Textile Composite,Kohinoor Mills Limited
2025-08-26,108.0,108.0,104.0,104.62,817313,2025,8,KOHC,Cement,Kohat Cement Limited
2025-08-26,22.92,23.2,22.0,22.31,507461,2025,8,KOHE,Power Generation and Distribution,Kohinoor Energy Limited
2025-08-26,9.51,10.33,9.01,9.64,423137,2025,8,KOHP,Power Generation and Distribution,Kohinoor Power Company Limited
2025-08-26,62.2,62.2,60.11,60.64,49891,2025,8,KOHTM,Textile Spinning,Kohat Textile Mills Limited
2025-08-26,13.78,13.78,13.4,13.68,162316,2025,8,KOIL,Textile Composite,Kohinoor Industries Limited
2025-08-26,7.15,7.2,6.7,6.74,33777336,2025,8,KOSM,Textile Spinning,Kohinoor Spinning Mills Limited
2025-08-26,138.39,149.89,128.0,143.0,876,2025,8,KPUS,Sugar and Allied Industries,Khairpur Sugar Mills Limited
2025-08-26,223.2,227.76,222.0,223.42,57516,2025,8,KSBP,Engineering,K.S.B. Pumps Co. Limited
2025-08-26,9.8,9.8,9.5,9.58,1200,2025,8,KSTM,Textile Spinning,Khalid Siraj Textile Mills Limited
2025-08-26,246.01,250.0,245.0,246.31,17703,2025,8,KTML,Textile Composite,Kohinoor Textile Mills Limited
2025-08-26,338.0,338.0,336.0,336.39,82627,2025,8,LCI,Chemical,Lucky Core Industries Limited
2025-08-26,59.39,59.39,53.67,53.67,155446,2025,8,LEUL,Leather and Tanneries,Leather Up Industries Limited
2025-08-26,15.83,15.91,15.7,15.74,995338,2025,8,LOADS,Automobile Parts and Accessories,Loads Limited
2025-08-26,21.4,22.1,21.4,21.58,2137221,2025,8,LOTCHEM,Chemical,Lotte Chemical Pakistan Limited
2025-08-26,114.89,115.55,110.0,112.06,17123,2025,8,LPGL,Chemical,Leiner Pak Gelatine Limited
2025-08-26,27.5,27.5,26.87,26.95,138581,2025,8,LPL,Power Generation and Distribution,Lalpir Power Limited
2025-08-26,413.7,422.98,411.0,415.44,907341,2025,8,LUCK,Cement,Lucky Cement Limited
2025-08-26,34.02,35.75,33.51,34.56,772451,2025,8,MACFL,Misc.,Macpac Films Limited
2025-08-26,400.0,403.0,397.0,398.34,26780,2025,8,MACTER,Pharmaceuticals,Macter International Limited
2025-08-26,627.11,635.0,627.11,628.43,672418,2025,8,MARI,Oil and Gas Exploration,Mari Petroleum Company Limited
2025-08-26,355.0,357.0,348.01,350.18,235528,2025,8,MCB,Commercial Banks,MCB Bank Limited
2025-08-26,3.33,3.42,3.27,3.33,830295,2025,8,MDTL,Technoly and Commnunication,Media Times Limited
2025-08-26,394.9,396.0,389.21,391.24,1783888,2025,8,MEBL,Commercial Banks,Meezan Bank Limited
2025-08-26,345.0,355.78,345.0,346.13,95,2025,8,MEHT,Textile Composite,Mehmood Textile Mills Limited
2025-08-26,12.2,12.2,11.75,11.85,329424,2025,8,MERIT,Paper and Board,Merit Packaging Limited
2025-08-26,211.4,218.49,210.11,211.34,131020,2025,8,MFFL,Food and Personal Care Products,Mitchells Fruit Farms Limited
2025-08-26,54.45,54.95,53.05,54.0,52839,2025,8,MFL,Food and Personal Care Products,Matco Foods Limited
2025-08-26,43.75,44.5,42.51,43.25,926119,2025,8,MIRKS,Sugar and Allied Industries,Mirpurkhas Sugar Mills Limited
2025-08-26,95.31,98.0,94.64,96.2,6671215,2025,8,MLCF,Cement,Maple Leaf Cement Factory Limited
2025-08-26,43.85,43.85,41.5,41.77,32121,2025,8,MQTM,Textile Spinning,Maqbool Textile Mills Limited
2025-08-26,67.98,68.98,67.5,68.49,10674,2025,8,MRNS,Sugar and Allied Industries,Mehran Sugar Mills Limited
2025-08-26,14.3,14.64,14.01,14.4,65949,2025,8,MSCL,Engineering,Metropolitan Steel Corporation Limited
2025-08-26,63.3,66.0,63.3,65.0,6701,2025,8,MSOT,Textile Composite,Masood Textile Mills Limited
2025-08-26,572.99,576.0,571.0,574.24,36840,2025,8,MTL,Automobile Assembler,Millat Tractors Limited
2025-08-26,75.0,76.44,74.5,75.68,946670,2025,8,MUGHAL,Engineering,Mughal Iron and Steel Industries Limited
2025-08-26,1030.55,1070.0,1030.55,1051.28,22135,2025,8,MUREB,Food and Personal Care Products,Murree Brewery Company Limited
2025-08-26,47.39,47.39,45.5,46.32,2996,2025,8,MWMP,Misc.,Mandviwala Mauser Plastic Industries Limited
2025-08-26,71.0,73.0,71.0,71.93,600,2025,8,NAGC,Textile Spinning,Nagina Cotton Mills Limited
2025-08-26,382.0,385.0,379.16,381.92,184015,2025,8,NATF,Food and Personal Care Products,National Foods Limited
2025-08-26,154.24,155.2,152.01,152.38,4316256,2025,8,NBP,Commercial Banks,National Bank Of Pakistan
2025-08-26,47.8,47.8,42.52,46.7,70941,2025,8,NCL,Textile Composite,Nishat Chunian Limited
2025-08-26,13.11,13.69,13.11,13.27,18875,2025,8,NCML,Textile Spinning,Nazir Cotton Mills Limited
2025-08-26,27.71,27.99,25.02,27.61,564092,2025,8,NCPL,Power Generation and Distribution,Nishat Chunian Power Limited
2025-08-26,8103.42,8250.0,7900.01,8225.07,278,2025,8,NESTLE,Food and Personal Care Products,Nestle Pakistan Limited
2025-08-26,144.12,145.0,143.1,143.56,315022,2025,8,NETSOL,Technoly and Commnunication,NetSol Technologies Limited
2025-08-26,11.81,12.14,11.25,11.27,80823,2025,8,NEXT,Banks/INV. COS/Securities COS.,Next Capital Limited
2025-08-26,173.5,173.5,169.0,169.39,14450,2025,8,NICL,Chemical,Nimir Industrial Chemicals Limited
2025-08-26,148.0,149.3,142.66,145.06,859381,2025,8,NML,Textile Composite,Nishat Mills Limited
2025-08-26,83.99,84.99,80.17,84.62,2530,2025,8,NONS,Sugar and Allied Industries,Noon Sugar Mills Limited
2025-08-26,40.0,40.7,39.6,40.1,1112263,2025,8,NPL,Power Generation and Distribution,Nishat Power Limited
2025-08-26,271.84,279.9,266.0,272.58,2574266,2025,8,NRL,Refinery,National Refinery Limited
2025-08-26,32.99,34.0,32.99,33.74,541690,2025,8,NRSL,Chemical,Nimir Resins Limited
2025-08-26,103.06,113.0,103.06,114.5,26,2025,8,NSRM,Synthetic and Rayon,National Silk and Rayon Mills Limited
2025-08-26,9.1,9.1,8.85,8.97,73173,2025,8,OBOY,Oil and Gas Marketing,Oilboy Engergy Limited
2025-08-26,53.33,53.88,53.01,53.42,401063,2025,8,OCTOPUS,Technoly and Commnunication,Octopus Digital Limited
2025-08-26,263.94,264.7,259.5,260.42,4337958,2025,8,OGDC,Oil and Gas Exploration,Oil and Gas Development Company Limited
2025-08-26,43.5,45.1,43.5,44.92,53766,2025,8,OLPL,Banks/INV. COS/Securities COS.,Orix Leasing Pakistan Limited
2025-08-26,21.0,21.79,21.0,21.71,8984,2025,8,OLPM,Modrabas,OLP Modaraba
2025-08-26,41.4,43.0,41.4,39.63,100,2025,8,OML,Misc.,Olympia Mills Limited
2025-08-26,11.01,11.18,10.5,11.0,83634,2025,8,ORM,Modrabas,Orient Rental Mod
2025-08-26,289.48,293.0,289.48,291.6,9965,2025,8,OTSU,Pharmaceuticals,Otsuka Pakistan Limited
2025-08-26,158.75,162.0,158.0,158.82,649014,2025,8,PABC,Misc.,Pakistan Aluminium Beverage Cans Limited
2025-08-26,6.05,6.18,5.97,6.06,8135989,2025,8,PACE,Property,Pace (Pakistan) Limited
2025-08-26,43.5,44.4,43.5,43.7,5179573,2025,8,PAEL,Cable and Electrical Goods,Pak Elektron Limited
2025-08-26,216.99,216.99,207.0,208.39,30039,2025,8,PAKD,Technoly and Commnunication,Pak Datacom Limited
2025-08-26,33.0,34.0,33.0,34.0,5651,2025,8,PAKL,Leather and Tanneries,Pak Leather Crafts Limited
2025-08-26,230.0,247.49,230.0,235.81,176323,2025,8,PAKOXY,Chemical,Pakistan Oxygen Limited
2025-08-26,14.91,15.0,14.73,14.79,176119,2025,8,PAKRI,Insurance,Pakistan Reinsurance Company Limited
2025-08-26,1342.1,1350.0,1335.0,1338.04,11803,2025,8,PAKT,Tobacco,Pakistan Tobacco Company Limited
2025-08-26,2.8,2.94,2.75,2.78,8658377,2025,8,PASL,Banks/INV. COS/Securities COS.,Pervez Ahmed Consultancy Services Limited
2025-08-26,8.95,9.0,8.33,8.39,124697,2025,8,PASM,Textile Composite,Paramount Spinning Mills Limited
2025-08-26,181.49,181.5,176.55,177.22,18970,2025,8,PCAL,Cable and Electrical Goods,Pakistan Cables Limited
2025-08-26,630.1,638.99,580.0,610.51,426,2025,8,PECO,Engineering,Pakistan Engineering Company Limited
2025-08-26,19.75,20.08,19.42,19.53,27352,2025,8,PGLC,Leasing Companies,Pak Gulf Leasing Company Limited
2025-08-26,11.45,11.45,11.09,11.19,6790513,2025,8,PIBTL,Transport,Pakistan International Bulk Terminal Limited
2025-08-26,44.06,44.5,40.1,40.76,547145,2025,8,PICT,Transport,Pakistan International Container Terminal Limited
2025-08-26,5.82,6.2,5.82,5.91,136178,2025,8,PIL,Insurance,PICIC Insurance Limited
2025-08-26,25.88,25.89,23.67,25.89,23140,2025,8,PIM,Modrabas,Popular Islamic Modaraba
2025-08-26,8.59,9.45,8.3,9.31,2228247,2025,8,PINL,Insurance,Premier Insurance Limited
2025-08-26,248.0,248.01,245.5,247.75,24344,2025,8,PIOC,Cement,Pioneer Cement Limited
2025-08-26,10.35,10.77,10.31,10.77,1156,2025,8,PKGI,Insurance,Pakistan General Insurance Company Limited
2025-08-26,128.9,128.9,125.01,127.91,4465,2025,8,PKGP,Power Generation and Distribution,PAKGEN Power Limited
2025-08-26,684.82,730.0,681.2,694.0,10215,2025,8,PKGS,Paper and Board,Packages Limited
2025-08-26,1300.0,1300.0,1300.0,1300.0,4328,2025,8,PMPK,Tobacco,Philip Morris (Pakistan) Limited
2025-08-26,291.03,345.0,291.03,344.94,167,2025,8,PMRS,Sugar and Allied Industries,Premier Sugar Mills and Distillery Company Limited
2025-08-26,430.01,437.5,428.6,432.53,9660,2025,8,PNSC,Transport,Pakistan National Shipping Corporation Limited
2025-08-26,647.99,665.0,646.98,658.86,417761,2025,8,POL,Oil and Gas Exploration,Pakistan Oilfields Limited
2025-08-26,207.5,207.5,203.0,207.01,9201,2025,8,POML,Vanaspati and Allied Industry,Punjab Oil Mills Limited
2025-08-26,15.18,15.5,15.0,15.39,3232031,2025,8,POWER,Cement,Power Cement Limited
2025-08-26,22.89,23.18,20.25,23.12,1657,2025,8,POWERPS,Cement,Power Cement PREF
2025-08-26,180.0,180.45,178.49,178.66,2939273,2025,8,PPL,Oil and Gas Exploration,Pakistan Petroleum Limited
2025-08-26,178.0,183.0,174.5,179.85,199105,2025,8,PPP,Paper and Board,Pakistan Paper Prouducts Limited
2025-08-26,17.4,17.44,16.8,17.14,7234,2025,8,PPVC,Chemical,Pakistan PVC Limited
2025-08-26,40.45,40.55,39.85,40.16,2681987,2025,8,PREMA,Food and Personal Care Products,At-Tahur Limited
2025-08-26,465.0,490.0,465.0,465.83,194,2025,8,PRET,Textile Spinning,Premium Textile Mills Limited
2025-08-26,31.05,31.65,30.91,31.3,5173045,2025,8,PRL,Refinery,Pakistan Refinery Limited
2025-08-26,60.49,61.0,58.08,61.0,1105,2025,8,PRWM,Textile Weaving,Prosperity Weaving Mills Limited
2025-08-26,922.01,928.98,906.0,913.01,445,2025,8,PSEL,Misc.,Pakistan Services Limited
2025-08-26,406.0,407.97,403.61,404.37,3930982,2025,8,PSO,Oil and Gas Marketing,Pakistan State Oil Company Limited
2025-08-26,33.0,33.0,32.65,32.71,405626,2025,8,PSX,Banks/INV. COS/Securities COS.,Pakistan Stock Exchange Limited
2025-08-26,24.3,24.3,23.7,23.77,1551189,2025,8,PTC,Technoly and Commnunication,Pakistan Telecommunication Company Limited
2025-08-26,54.5,55.0,53.0,54.03,887324,2025,8,PTL,Automobile Parts and Accessories,Panther Tyres Ltd.
2025-08-26,18.49,18.49,17.3,17.34,26558,2025,8,QUET,Textile Composite,Quetta Textile Mills Limited
2025-08-26,8.35,9.07,8.3,8.43,7697073,2025,8,QUICE,Food and Personal Care Products,Quice Food Limited
2025-08-26,500.0,515.0,500.0,510.07,50,2025,8,RCML,Textile Spinning,Reliance Cotton Spinning Mills Limited
2025-08-26,26.0,26.49,25.12,25.41,6620,2025,8,REDCO,Textile Composite,Redco Textiles Limited
2025-08-26,111.23,115.97,111.0,111.23,104,2025,8,REWM,Textile Composite,Reliance Weaving Mills Limited
2025-08-26,12.52,12.88,12.46,12.48,16296,2025,8,RICL,Insurance,Reliance Insurance Company Limited
2025-08-26,9500.01,9748.0,9500.01,9629.99,37,2025,8,RMPL,Food and Personal Care Products,Rafhan Maize Products Limited
2025-08-26,20.56,21.05,20.55,20.59,326545,2025,8,RPL,Paper and Board,Roshan Packages Limited
2025-08-26,14.5,14.51,13.52,14.2,3783,2025,8,RUBY,Textile Spinning,Ruby Textile Mills Limited
2025-08-26,31.62,35.5,31.0,33.77,19796,2025,8,RUPL,Synthetic and Rayon,Rupali Polyester Limited
2025-08-26,27.5,27.5,26.0,26.0,3215,2025,8,SAIF,Textile Spinning,Saif Textile Mills Limited
2025-08-26,64.9,64.9,63.0,63.22,1793,2025,8,SANSM,Sugar and Allied Industries,Sanghar Sugar Mills Limited
2025-08-26,1335.0,1400.0,1335.0,1398.61,1138,2025,8,SAPT,Textile Composite,Sapphire Textile Mills Limited
2025-08-26,81.0,81.0,72.16,77.64,21477,2025,8,SARC,Chemical,Sardar Chemical Industries Limited
2025-08-26,227.99,227.99,200.17,205.47,906,2025,8,SASML,Sugar and Allied Industries,Sind Abadgar Sugar Mills Limited
2025-08-26,1478.89,1478.89,1465.1,1470.4,40637,2025,8,SAZEW,Automobile Assembler,Sazgar Engineering  Works Limited
2025-08-26,9.06,9.6,9.06,9.36,23542,2025,8,SBL,Commercial Banks,Samba Bank Limited
2025-08-26,80.8,85.0,79.98,81.5,157316,2025,8,SCBPL,Commercial Banks,Standard Chartered Bank Limited
2025-08-26,339.15,339.15,316.51,332.36,90,2025,8,SCL,Food and Personal Care Products,Shield Corporation Limited
2025-08-26,112.51,113.48,108.01,110.37,8040543,2025,8,SEARL,Pharmaceuticals,The Searle Company Limited
2025-08-26,16.6,16.6,15.11,15.49,41875,2025,8,SEL,Power Generation and Distribution,Sitara Energy Limited
2025-08-26,179.96,179.96,175.0,175.88,24368,2025,8,SEPL,Paper and Board,Security Paper Limited
2025-08-26,22.57,22.98,22.0,22.01,4388,2025,8,SERT,Textile Spinning,Service Industries Textile Limited
2025-08-26,1113.0,1113.0,1067.0,1089.47,36,2025,8,SFL,Textile Composite,Sapphire Fibers Limited
2025-08-26,78.0,84.73,77.05,84.73,537062,2025,8,SGF,Leather and Tanneries,Service GlobalFootwear Limited
2025-08-26,12.02,12.89,12.0,12.5,112936,2025,8,SGPL,Power Generation and Distribution,S.G. Power Limited
2025-08-26,55.24,55.89,45.73,45.9,31508,2025,8,SHCM,Textile Spinning,Shadman Cotton Mills Limited
2025-08-26,56.65,62.32,56.0,62.32,462246,2025,8,SHDT,Textile Spinning,Shadab Textile Mills Limited
2025-08-26,200.13,203.8,198.15,203.5,2737,2025,8,SHEZ,Food and Personal Care Products,Shezan International Limited
2025-08-26,575.0,581.0,569.01,570.33,17897,2025,8,SHFA,Misc.,Shifa International Hospitals Limited
2025-08-26,9.8,10.5,9.0,9.35,271933,2025,8,SHNI,Insurance,Shaheen Insurance Company Limited
2025-08-26,419.9,447.35,419.9,436.16,21722,2025,8,SHSML,Sugar and Allied Industries,Shahmurad Sugar Mills Limited
2025-08-26,11.9,11.9,10.49,11.35,46479,2025,8,SIBL,Banks/INV. COS/Securities COS.,Security Investment Bank Limited
2025-08-26,1565.99,1566.0,1530.01,1566.0,184,2025,8,SIEM,Cable and Electrical Goods,Siemens Pakistan Engineering Co. Limited
2025-08-26,14.82,15.29,14.75,14.75,12477,2025,8,SINDM,Modrabas,Sindh Modaraba
2025-08-26,612.0,634.0,612.0,620.15,17573,2025,8,SITC,Chemical,Sitara Chemical Industries Limited
2025-08-26,12.0,12.28,11.68,11.77,45475,2025,8,SKRS,Sugar and Allied Industries,Sakrand Sugar Mills Limited
2025-08-26,16.8,17.83,15.57,17.83,117061,2025,8,SLYT,Textile Spinning,Sally Textile Mills Limited
2025-08-26,25.97,26.9,25.97,26.49,240869,2025,8,SMCPL,Cement,Safe Mix Concrete Limited
2025-08-26,65.0,66.25,65.0,65.05,7401,2025,8,SML,Sugar and Allied Industries,Shakarganj Limited
2025-08-26,26.6,26.86,26.35,26.71,6913,2025,8,SNAI,Textile Spinning,Sana Industries Limited
2025-08-26,24.53,24.88,24.11,24.28,455394,2025,8,SNBL,Commercial Banks,Soneri Bank Limited
2025-08-26,116.75,117.49,116.02,116.54,1077240,2025,8,SNGP,Oil and Gas Marketing,Sui Northern Gas Pipelines Limited
2025-08-26,65.45,66.14,64.4,65.04,1701165,2025,8,SPEL,Misc.,Synthetic Products Enterprises Limited
2025-08-26,18.39,18.39,17.84,17.99,11501,2025,8,SPL,Chemical,Sitara Peroxide Limited
2025-08-26,12.2,12.41,12.0,12.11,1090032,2025,8,SPWL,Power Generation and Distribution,Saif Power Limited
2025-08-26,1320.0,1451.23,1318.5,1331.87,453958,2025,8,SRVI,Leather and Tanneries,Service Industries Limited
2025-08-26,42.85,43.35,42.11,43.16,16376354,2025,8,SSGC,Oil and Gas Marketing,Sui Southern Gas Company Limited
2025-08-26,15.05,15.4,15.05,15.17,1298,2025,8,SSML,Textile Spinning,Saritow Spinning Mills Limited
2025-08-26,728.74,728.74,669.99,683.33,37892,2025,8,SSOM,Vanaspati and Allied Industry,S.S. Oil Mills Limited
2025-08-26,17.0,17.25,17.0,17.01,40659,2025,8,STCL,Grass and Ceramics,Shabbir Tiles and Ceramics Limited
2025-08-26,77.0,77.0,77.0,76.0,10,2025,8,STJT,Textile Weaving,Shahtaj Textile Mills Limited
2025-08-26,34.99,34.99,33.81,33.81,5020,2025,8,STML,Textile Composite,Shams Textile Mills Limited
2025-08-26,7.3,8.1,7.3,7.77,8940025,2025,8,STPL,Misc.,Siddiqsons Tin Plate Limited
2025-08-26,114.0,126.42,114.0,126.42,4933,2025,8,SUHJ,JUTE,Suhail Jute Mills Limited
2025-08-26,130.01,131.99,129.5,129.6,18049,2025,8,SURC,Textile Composite,Suraj Cotton Mills Limited
2025-08-26,175.0,178.0,174.0,174.52,2286,2025,8,SUTM,Textile Spinning,Sunrays Textile Mills Limited
2025-08-26,137.77,139.39,136.8,137.34,1569580,2025,8,SYS,Technoly and Commnunication,Systems Limited
2025-08-26,62.1,63.9,57.02,63.03,631,2025,8,SZTM,Textile Spinning,Shahzad Textile Mills Limited
2025-08-26,230.0,231.0,210.83,214.0,720011,2025,8,TATM,Textile Spinning,Tata Textile Mills Limited
2025-08-26,16.99,17.1,16.87,17.02,77162,2025,8,TCORP,Sugar and Allied Industries,Tariq Corporation Limited
2025-08-26,7.91,8.19,7.85,7.95,9350838,2025,8,TELE,Technoly and Commnunication,Telecard Limited
2025-08-26,260.0,260.8,256.1,256.32,23939,2025,8,TGL,Grass and Ceramics,Tariq Glass Industries Limited
2025-08-26,596.0,600.0,596.0,597.94,2013,2025,8,THALL,Automobile Parts and Accessories,Thal Limited
2025-08-26,43.66,44.22,43.1,43.61,808338,2025,8,THCCL,Cement,Thatta Cement Company Limited
2025-08-26,559.98,559.98,555.0,555.22,76,2025,8,TICL,Sugar and Allied Industries,Thal Industries Corporation Limited
2025-08-26,37.49,41.01,37.25,40.96,15854017,2025,8,TOMCL,Food and Personal Care Products,The Organic Meat Company Limited
2025-08-26,175.0,175.99,170.05,171.82,72976,2025,8,TOWL,Textile Composite,Towellers Limited
2025-08-26,5.64,6.64,5.6,6.64,13288537,2025,8,TPL,Technoly and Commnunication,TPL Corp Limited
2025-08-26,10.5,11.28,10.01,11.28,1143989,2025,8,TPLI,Insurance,TPL Insurance Limited
2025-08-26,9.99,10.41,9.85,10.24,23395705,2025,8,TPLP,Property,TPL Properties Limited
2025-08-26,7.34,7.81,7.22,7.41,1866689,2025,8,TPLT,Technoly and Commnunication,TPL Trakker Limited
2025-08-26,24.95,25.83,24.76,24.84,33123483,2025,8,TREET,Food and Personal Care Products,Treet Corporation Limited
2025-08-26,55.9,57.35,55.6,56.73,6156556,2025,8,TRG,Technoly and Commnunication,TRG Pakistan Limited
2025-08-26,133.33,133.33,131.52,132.09,17570,2025,8,TRIPF,Misc.,Tri-Pack Films Limited
2025-08-26,42.11,43.0,40.5,42.14,1946595,2025,8,TRSM,Modrabas,Trust Modarba
2025-08-26,13.0,13.2,12.75,13.1,12730,2025,8,TSBL,Banks/INV. COS/Securities COS.,Trust Securities and  Brokerage Limited
2025-08-26,12.53,13.0,12.53,12.68,2110,2025,8,TSMF,Close End Mutual Funds,Tri-Star Mutual Fund Limited
2025-08-26,9.99,9.99,9.5,9.58,83940,2025,8,TSPL,Power Generation and Distribution,Tri-Star Power Limited
2025-08-26,24.49,25.0,24.49,24.97,17521,2025,8,UBDL,Misc.,United Brands Limited
2025-08-26,382.48,382.48,378.01,379.92,533252,2025,8,UBL,Commercial Banks,United Bank Limited
2025-08-26,4.52,4.7,4.52,4.57,16405,2025,8,UCAPM,Modrabas,UNICAP Modarba
2025-08-26,81.75,82.0,79.99,80.43,4124,2025,8,UDPL,Misc.,United Distributors Pakistan Limited
2025-08-26,15.48,15.48,15.25,15.27,267355,2025,8,UNIC,Insurance,United Insurance Company of Pakistan Limited
2025-08-26,30.1,30.42,29.65,29.84,9493507,2025,8,UNITY,Food and Personal Care Products,Unity Foods Limited
2025-08-26,30336.89,30800.0,30005.0,30337.58,60,2025,8,UPFL,Food and Personal Care Products,Unilever Pakistan Foods Limited
2025-08-26,10.97,10.97,10.37,10.97,1163777,2025,8,UVIC,Insurance,Universal Insurance Company Limited
2025-08-26,402.85,408.98,396.0,403.37,2718,2025,8,WAHN,Chemical,Wah Noble Chemicals Limited
2025-08-26,9.1,9.2,9.0,9.11,1962986,2025,8,WAVES,Cable and Electrical Goods,Waves Singer Pakistan Limited
2025-08-26,1.43,1.44,1.41,1.41,13647628,2025,8,WTL,Technoly and Commnunication,WorldCall Telecom Limited
2025-08-26,5.9,5.95,5.61,5.65,3566087,2025,8,YOUW,Textile Weaving,Yousuf Weaving Mills Limited
2025-08-26,83.99,83.99,76.31,77.91,37523,2025,8,ZAHID,Textile Composite,Zahidjee Textile Mills Limited
2025-08-27,11.63,11.64,11.3,11.62,13437,2025,8,786,Banks/INV. COS/Securities COS.,786 Investment Limited
2025-08-27,1086.99,1087.0,1075.0,1078.56,64,2025,8,AABS,Sugar and Allied Industries,Al-Abbas Sugar Mills Limited
2025-08-27,58.0,59.99,56.0,56.32,12510,2025,8,AATM,Textile Spinning,Ali Asghar Textile Mills Limited
2025-08-27,184.8,184.8,180.01,180.89,30857,2025,8,ABL,Commercial Banks,Allied Bank Limited
2025-08-27,1178.0,1180.0,1122.1,1129.3,18770,2025,8,ABOT,Pharmaceuticals,Abbot Laboatories (Pakistan) Limited
2025-08-27,290.01,293.7,287.65,288.56,104623,2025,8,ACPL,Cement,Attock Cement (Pakistan) Limited
2025-08-27,72.0,72.0,65.05,70.0,92,2025,8,ADAMS,Sugar and Allied Industries,Adam Sugar Mills Limited
2025-08-27,61.98,63.0,60.51,60.62,30872,2025,8,ADMM,Textile Composite,Artistic Denim Mills Limited
2025-08-27,9.0,9.19,8.91,9.0,2977207,2025,8,AGHA,Engineering,Agha Steel Indunstries Limited
2025-08-27,44.99,45.0,44.0,44.09,24134,2025,8,AGIC,Insurance,Askari General Inusrance Company Limited
2025-08-27,140.97,141.0,139.0,139.93,38707,2025,8,AGIL,Automobile Parts and Accessories,Agriautos Industries Limited
2025-08-27,81.76,81.88,79.75,79.99,837027,2025,8,AGL,Chemical,Agritech Limited
2025-08-27,194.0,196.48,187.0,190.1,2575508,2025,8,AGP,Pharmaceuticals,AGP Limited
2025-08-27,9.15,9.8,9.1,9.47,3681424,2025,8,AGSML,Sugar and Allied Industries,Abdullah Shah Ghazi Sugar Mills Limited
2025-08-27,406.85,406.85,401.07,403.05,9137,2025,8,AGTL,Automobile Assembler,Al-Ghazi Tractors Limited
2025-08-27,13.47,13.88,13.0,13.1,35498879,2025,8,AHCL,Fertilizer,Arif Habib Corporation Limited
2025-08-27,93.48,94.5,93.0,93.22,76911,2025,8,AHL,Banks/INV. COS/Securities COS.,Arif Habib Limited
2025-08-27,78.53,80.0,70.76,75.48,337,2025,8,AHTM,Textile Composite,Ahmed Hassan Textile Mills Limited
2025-08-27,72.5,73.4,71.0,71.14,553901,2025,8,AICL,Insurance,Adamjee Insurance Company Limited
2025-08-27,150.9,151.78,147.7,148.12,2475014,2025,8,AIRLINK,Technoly and Commnunication,Air Link Communication Limited
2025-08-27,77.0,77.38,76.15,76.43,2055783,2025,8,AKBL,Commercial Banks,Askari Bank Limited
2025-08-27,190.54,192.99,185.0,186.66,3665,2025,8,AKDHL,Misc.,AKD Hospitality Limited
2025-08-27,34.14,34.97,31.25,33.49,501654,2025,8,AKDSL,Banks/INV. COS/Securities COS.,AKD Securities Limited
2025-08-27,52.36,53.0,52.36,53.0,505,2025,8,AKGL,Misc.,Al-Khair Gadoon Limited
2025-08-27,10.18,10.8,9.7,9.99,4222937,2025,8,ALAC,Insurance,Askari Life Assurance Company Limited
2025-08-27,36.0,36.99,35.53,36.0,55476,2025,8,ALIFE,Insurance,Adamjee Life Assurance Company Limited
2025-08-27,98.0,98.0,98.0,98.0,139,2025,8,ALNRS,Sugar and Allied Industries,Al-Noor Sugar Mills Limited
2025-08-27,14.99,14.99,13.59,13.78,7792814,2025,8,ALTN,Power Generation and Distribution,Altern Energy Limited
2025-08-27,11.82,11.82,11.82,11.14,412,2025,8,AMBL,Banks/INV. COS/Securities COS.,Apna Microfinance Bank Limited
2025-08-27,4.1,4.1,3.84,3.86,1800613,2025,8,AMTEX,Textile Spinning,Amtex Limited
2025-08-27,12.6,12.74,12.3,12.34,1030725,2025,8,ANL,Textile Composite,Azgard Nine Limited
2025-08-27,15.5,15.72,14.9,15.72,522829,2025,8,ANSM,Sugar and Allied Industries,Ansari Sugar Mills Limtied
2025-08-27,31.0,31.49,29.5,29.8,6634,2025,8,ANTM,Textile Composite,AN Textile Mills Limited
2025-08-27,523.0,523.0,516.11,516.73,23833,2025,8,APL,Oil and Gas Marketing,Attock Petroleum Limited
2025-08-27,37.0,38.89,37.0,38.82,12,2025,8,ARCTM,Textile Spinning,Arctic Textile Mills Limited
2025-08-27,459.0,459.0,451.07,453.88,3771,2025,8,ARPL,Chemical,Archroma Pakistan Limited
2025-08-27,9.87,9.87,9.29,9.4,19357,2025,8,ARUJ,Textile Composite,Aruj Industries Limited
2025-08-27,23.5,23.65,19.52,20.7,20640788,2025,8,ASC,Food and Personal Care Products,Al-Shaheer Corporation Limited
2025-08-27,24.49,25.47,24.49,25.47,8350,2025,8,ASHT,Textile Weaving,Ashfaq Textile Mills Limited
2025-08-27,16.48,18.7,16.48,17.0,31,2025,8,ASIC,Insurance,Asia Insurance Company Limited
2025-08-27,13.37,13.65,13.3,13.4,11294408,2025,8,ASL,Engineering,Aisha Steel Mills Limited
2025-08-27,51.19,51.19,51.19,51.19,1500,2025,8,ASLCPS,Engineering,Aisha Steel Mills Ltd(Con.Cum.Pref.Share
2025-08-27,26.0,28.6,25.82,26.71,1907,2025,8,ASLPS,Engineering,Aisha Steel Mills Limited (Preference Shares)
2025-08-27,21.99,22.34,21.8,21.87,272973,2025,8,ASTL,Engineering,Amreli Steels Ltd.
2025-08-27,35.1,36.89,33.0,33.67,34306,2025,8,ASTM,Textile Spinning,Asim Textile Mills Limited
2025-08-27,258.01,258.01,249.05,250.38,121079,2025,8,ATBA,Automobile Parts and Accessories,Atlas Battery Limited
2025-08-27,82.0,83.0,79.0,79.0,27997,2025,8,ATIL,Insurance,Atlas Insurance Limited
2025-08-27,1227.0,1229.77,1220.0,1224.15,6775,2025,8,ATLH,Automobile Assembler,Atlas Honda Limited
2025-08-27,664.0,669.0,655.0,656.49,571199,2025,8,ATRL,Refinery,Attock Refinery Limited
2025-08-27,50.18,50.18,49.61,49.7,843068,2025,8,AVN,Technoly and Commnunication,Avanceon Limited
2025-08-27,105.6,106.0,104.5,105.04,4887175,2025,8,BAFL,Commercial Banks,Bank Al-Falah Limited
2025-08-27,234.99,234.99,220.0,224.28,499,2025,8,BAFS,Sugar and Allied Industries,Baba Farid Sugar Mills Limited
2025-08-27,192.79,199.0,189.6,190.77,722564,2025,8,BAHL,Commercial Banks,Bank Al-Habib Limited
2025-08-27,49.9,50.5,49.0,49.34,92857,2025,8,BAPL,Chemical,Bawany Air Product Limited
2025-08-27,1554.98,1554.98,1460.05,1535.34,4532,2025,8,BATA,Leather and Tanneries,Bata Pakistan Limited
2025-08-27,114.4,114.4,112.0,112.43,22881,2025,8,BCL,Engineering,Bolan Casting Limited
2025-08-27,18.92,19.25,18.4,18.52,712423,2025,8,BECO,Engineering,Beco Steel Limited
2025-08-27,118.1,118.1,118.1,121.74,100,2025,8,BELA,Automobile Parts and Accessories,Bela Automotive Limited
2025-08-27,112.0,112.9,111.0,111.76,26114,2025,8,BERG,Chemical,Berger Paints Pakistan Limited
2025-08-27,12.81,13.11,12.73,12.8,58119,2025,8,BFMOD,Modrabas,B.F. Modaraba
2025-08-27,12.61,12.87,12.16,12.24,1444421,2025,8,BGL,Grass and Ceramics,Baluchistan Glass Limited
2025-08-27,935.01,945.0,925.1,944.91,333,2025,8,BHAT,Textile Composite,Bhanero Textile Mills Limited
2025-08-27,186.0,188.0,185.0,185.42,42391,2025,8,BIFO,Chemical,Biafo Industries Limited
2025-08-27,23.33,23.84,23.33,23.48,15309,2025,8,BILF,Textile Spinning,Bilal Fibres Limited
2025-08-27,36.0,36.4,35.91,36.0,1114794,2025,8,BIPL,Commercial Banks,Bankislami Pakistan Limited
2025-08-27,98.6,103.99,95.6,98.33,4096657,2025,8,BNL,Food and Personal Care Products,Bunny's Limited
2025-08-27,78.5,78.5,76.0,76.54,14015,2025,8,BNWM,Woollen,Bannu Woollen Mills Limited
2025-08-27,23.6,23.6,23.59,23.6,256316,2025,8,BOK,Commercial Banks,Bank Of Khyber Limited
2025-08-27,14.7,14.7,14.2,14.23,22319350,2025,8,BOP,Commercial Banks,Bank Of Punjab Limited
2025-08-27,35.4,35.8,34.75,34.78,25491,2025,8,BPL,Oil and Gas Marketing,Burshane LPG (Pakistan) Limited
2025-08-27,313.0,313.0,304.0,309.87,684,2025,8,BTL,Textile Composite,Blessed Textile Mills Limited
2025-08-27,172.0,174.5,168.0,168.61,6106,2025,8,BUXL,Chemical,Buxly Paints Limited
2025-08-27,580.0,583.0,562.1,566.09,23475,2025,8,BWCL,Cement,Bestway Cement Limited
2025-08-27,184.5,185.0,183.0,183.74,39354,2025,8,BWHL,Automobile Parts and Accessories,Baluchistan Wheels Limited
2025-08-27,39.85,39.85,38.5,38.02,507,2025,8,CASH,Banks/INV. COS/Securities COS.,Calcorp Limited
2025-08-27,48.24,53.6,48.24,53.6,48,2025,8,CCM,Textile Spinning,Crescent Cotton Mills Limited
2025-08-27,46.5,46.99,45.99,46.11,1256,2025,8,CENI,Insurance,Century Insurance Company Limited
2025-08-27,27.73,27.99,27.0,27.12,288796,2025,8,CEPB,Paper and Board,Century Paper and Board Mills Limited
2025-08-27,52.0,52.0,52.0,50.05,1,2025,8,CFL,Textile Spinning,Crescent Fibres Limited
2025-08-27,68.7,73.15,68.54,70.05,491,2025,8,CHAS,Sugar and Allied Industries,Chashma Sugar Mills Limited.
2025-08-27,23.2,23.75,22.15,23.25,1903180,2025,8,CHBL,Textile Composite,Chenab Limited
2025-08-27,333.2,335.9,325.07,329.06,113315,2025,8,CHCC,Cement,Cherat Cement Company Limited
2025-08-27,11.34,11.34,10.2,10.44,100822,2025,8,CJPL,JUTE,Crescent Jute Proudcts Limited
2025-08-27,4.04,4.14,4.0,4.02,244251,2025,8,CLCPS,Textile Composite,Chenab Limited - Preference Shares
2025-08-27,41.85,41.85,41.04,41.14,80895,2025,8,CLOV,Food and Personal Care Products,Clover Pakistan Limited
2025-08-27,19.2,19.2,18.21,18.78,2322,2025,8,CLVL,Transport,Cordoba Logistics & Ventures Limited
2025-08-27,7.12,7.19,6.89,6.92,12597969,2025,8,CNERGY,Refinery,Cnergyico PK  Limited
2025-08-27,1303.99,1303.99,1285.0,1287.55,6380,2025,8,COLG,Chemical,Colgate Palmolive (Pakistan) Limited
2025-08-27,89.58,90.41,86.9,87.3,2504054,2025,8,CPHL,Pharmaceuticals,Citi Pharma Ltd.
2025-08-27,112.0,114.99,110.5,111.15,166815,2025,8,CPPL,Paper and Board,Cherat Packaging Limited.
2025-08-27,21.69,21.99,20.52,21.11,185269,2025,8,CRTM,Textile Composite,Crescent Textile Mills Limited
2025-08-27,103.8,106.88,103.52,103.78,944880,2025,8,CSAP,Engineering,Crescent Steel & Allied Products Limited
2025-08-27,4.35,4.45,4.0,4.14,9638839,2025,8,CSIL,Insurance,Crescent Star Insurance Company Limited
2025-08-27,6.1,6.3,6.0,6.05,570290,2025,8,CTM,Textile Spinning,Colony Textile Mills Limited
2025-08-27,36.88,37.4,35.14,35.39,179452,2025,8,CWSM,Textile Spinning,Chakwal Spinning Mills Limited
2025-08-27,37.3,38.5,36.55,37.3,226478,2025,8,CYAN,Insurance,Cyan Limited
2025-08-27,107.0,107.0,102.05,102.14,1591,2025,8,DAAG,Chemical,Data Agro Limited
2025-08-27,64.99,64.99,64.01,64.03,583,2025,8,DADX,Engineering,Dadex Eternit Limited
2025-08-27,8.2,8.25,7.7,7.78,369119,2025,8,DBCI,Cement,Dadabhoy Cement Industries Limited
2025-08-27,12.8,13.0,12.45,12.55,3197769,2025,8,DCL,Cement,Dewan Cement Limited
2025-08-27,32.07,32.31,32.05,32.25,398309,2025,8,DCR,Real Estate Investment Trust,Dolmen City Reit
2025-08-27,17.38,17.8,16.45,16.61,195444,2025,8,DEL,Banks/INV. COS/Securities COS.,Dawood Equities Limited
2025-08-27,34.0,34.25,33.3,33.42,923507,2025,8,DFML,Automobile Assembler,Dewan Farooque Motors Limited
2025-08-27,6.07,6.18,5.94,5.99,331753,2025,8,DFSM,Textile Spinning,Dewan Farooque Spinning Mills Limited
2025-08-27,187.99,190.0,185.01,185.41,1975580,2025,8,DGKC,Cement,D.G. Khan Cement Company Limited
2025-08-27,32.4,37.0,32.4,36.0,346,2025,8,DIIL,Misc.,Diamond Industries Limited
2025-08-27,79.89,81.0,79.89,79.98,927,2025,8,DINT,Textile Spinning,Din Textile Mills Limited
2025-08-27,370.0,394.99,355.1,380.54,37573,2025,8,DLL,Banks/INV. COS/Securities COS.,Dawood Lawrancepur Limited
2025-08-27,15.98,15.98,15.98,15.98,13970,2025,8,DMTM,Textile Spinning,Dewan Mushtaq Textile Mills Limited
2025-08-27,15.56,15.56,15.03,15.05,13811,2025,8,DNCC,Cement,Dandot Cement Company Limited
2025-08-27,35.3,35.75,34.9,35.0,567623,2025,8,DOL,Chemical,Descon Oxychem Limited
2025-08-27,6.18,6.2,5.95,6.0,900765,2025,8,DSIL,Textile Spinning,D.S. Industires Limited
2025-08-27,9.51,9.65,9.41,9.43,15303349,2025,8,DSL,Engineering,Dost Steels Limited
2025-08-27,28.4,28.8,28.23,28.5,20044,2025,8,DWAE,Automobile Parts and Accessories,Dewan Automotive Engineering Limited
2025-08-27,6.15,6.5,6.15,6.31,416838,2025,8,DWSM,Sugar and Allied Industries,Dewan Sugar Mills Limited
2025-08-27,7.26,7.99,7.26,7.83,8958,2025,8,DWTM,Textile Spinning,Dewan Textile Mills Limited
2025-08-27,289.6,292.88,285.0,285.03,16156,2025,8,DYNO,Chemical,Dynea Pakistan Limited
2025-08-27,71.98,78.25,70.7,72.14,3939154,2025,8,ECOP,Misc.,Ecopack Limited
2025-08-27,203.8,205.5,202.7,203.3,728981,2025,8,EFERT,Fertilizer,Engro Fertilizers Limited
2025-08-27,135.85,135.85,124.0,130.0,15343,2025,8,EFUG,Insurance,EFU General Insurance Limited
2025-08-27,160.0,160.0,157.0,157.46,8776,2025,8,EFUL,Insurance,EFU Life Assurance Limited
2025-08-27,260.0,261.43,260.0,261.43,1648,2025,8,ELCM,Textile Spinning,Elahi Cotton Mills Limited
2025-08-27,129.0,129.0,123.0,125.39,21,2025,8,ELSM,Textile Spinning,Ellcot  Spinning Mills Limited
2025-08-27,62.0,62.0,60.0,60.37,7476,2025,8,EMCO,Cable and Electrical Goods,Emco Industries Limited
2025-08-27,28.5,30.98,28.3,30.11,6667893,2025,8,EPCL,Chemical,Engro Polymer and Chemicals Limited
2025-08-27,12.35,12.42,12.3,12.42,482411,2025,8,EPCLPS,Chemical,Engro Poly(PREF)
2025-08-27,29.0,29.05,28.8,29.01,200005,2025,8,EPQL,Power Generation and Distribution,Engro Powergen Qadirpur Limited
2025-08-27,5.72,6.35,5.72,6.28,76949,2025,8,ESBL,Banks/INV. COS/Securities COS.,Escorts Investment Bank Limited
2025-08-27,757.99,757.99,749.05,751.17,3005,2025,8,EXIDE,Automobile Parts and Accessories,Exide Pakistan Limited
2025-08-27,80.0,80.0,78.2,78.33,1042242,2025,8,FABL,Commercial Banks,Faysal Bank Limited
2025-08-27,5.37,5.69,5.34,5.35,61117,2025,8,FANM,Modrabas,First Al-Noor Modarba
2025-08-27,390.05,399.99,390.0,390.86,128,2025,8,FASM,Textile Composite,Faisal Spinning Mills Limited
2025-08-27,126.0,132.0,119.5,120.34,5131144,2025,8,FATIMA,Fertilizer,Fatima Fertilizer Company Limited
2025-08-27,51.8,51.9,50.7,50.82,5334016,2025,8,FCCL,Cement,Fauji Cement Company Limited
2025-08-27,8.0,8.4,6.5,6.59,981684,2025,8,FCEL,Banks/INV. COS/Securities COS.,First Capital Equites Limited
2025-08-27,85.6,89.28,85.6,86.62,3213629,2025,8,FCEPL,Food and Personal Care Products,Frieslandcampins Engro Foods Limited
2025-08-27,13.9,13.9,13.32,13.75,4740,2025,8,FCIBL,Banks/INV. COS/Securities COS.,First Credit & Invest Bank Limited
2025-08-27,2.72,3.27,2.7,2.89,22996111,2025,8,FCSC,Banks/INV. COS/Securities COS.,First Capital Securites Corporation Limited
2025-08-27,90.87,91.0,89.5,89.75,24710,2025,8,FECTC,Cement,Fecto Cement Limited
2025-08-27,6.2,6.46,6.2,6.21,6353,2025,8,FEM,Modrabas,First Equity Modarba
2025-08-27,428.03,432.0,400.0,410.51,66456,2025,8,FEROZ,Pharmaceuticals,Ferozsons Laboratories Limited
2025-08-27,444.51,452.2,439.5,440.46,2492253,2025,8,FFC,Fertilizer,Fauji Fertilizer Company Limited
2025-08-27,16.89,17.0,16.55,16.68,7923807,2025,8,FFL,Food and Personal Care Products,Fauji Foods Limited
2025-08-27,8.35,8.35,7.65,8.07,10810,2025,8,FFLM,Modrabas,First Fidelity Leasing Modaraba
2025-08-27,30.2,30.2,29.89,29.9,15852,2025,8,FHAM,Modrabas,First Habib Modarba Limited
2025-08-27,8.17,8.99,7.71,8.86,82913,2025,8,FIBLM,Modrabas,First IBL Modaraba
2025-08-27,225.0,239.0,225.0,233.51,6,2025,8,FIL,Leather and Tanneries,Fateh Industries Limited.
2025-08-27,49.63,50.19,48.55,48.81,80140,2025,8,FLYNG,Cement,Flying Cement Company Limited
2025-08-27,73.55,74.95,73.1,73.54,3419,2025,8,FML,Textile Composite,Feroze 1888 Mills Limited
2025-08-27,4.0,4.3,3.96,4.04,5467869,2025,8,FNEL,Banks/INV. COS/Securities COS.,First National Equities Limited
2025-08-27,4.45,4.45,4.25,4.31,126869,2025,8,FPJM,Modrabas,First Punjab Modarba
2025-08-27,11.51,11.51,11.5,11.5,6675,2025,8,FPRM,Modrabas,First Paramount Modaraba
2025-08-27,43.13,44.0,41.5,41.71,8681,2025,8,FRCL,Grass and Ceramics,Frontier Ceramics Limited
2025-08-27,45.21,46.47,45.17,45.51,15043,2025,8,FRSM,Sugar and Allied Industries,Faran Sugar Mills Limited
2025-08-27,110.0,110.0,110.0,115.23,10,2025,8,FSWL,Textile Composite,Fateh Sports Wear Limited
2025-08-27,18.03,18.19,18.03,18.09,1558,2025,8,FTMM,Modrabas,First Treet Manufacturing Modarba
2025-08-27,13.6,13.6,13.02,13.49,4765,2025,8,FTSM,Modrabas,First Tri-Star Modarba
2025-08-27,284.97,284.97,280.0,280.96,1372,2025,8,FZCM,Textile Composite,Fazal Cloth Mills Limited
2025-08-27,448.99,448.99,431.0,433.04,15651,2025,8,GADT,Textile Spinning,Gadoon Textile Mills Limited
2025-08-27,29.29,29.29,27.81,28.1,16209,2025,8,GAMON,Misc.,Gammon Pakistan Limited
2025-08-27,128.0,128.69,126.0,126.4,113610,2025,8,GATI,Synthetic and Rayon,Gatron Industries Limited
2025-08-27,35.03,35.45,34.85,35.02,426292,2025,8,GATM,Textile Composite,Gul Ahmed Textile Mills Limited
2025-08-27,28.21,28.35,27.46,27.56,2033896,2025,8,GCIL,Chemical,Ghani Chemical Industries Limited
2025-08-27,37.02,37.47,37.02,37.03,1125,2025,8,GEMSPNL,Technoly and Commnunication,Supernet Limited
2025-08-27,13.8,13.8,13.22,13.22,5051,2025,8,GFIL,Textile Composite,Ghazi Fabrics International Limited
2025-08-27,12.27,12.3,11.9,11.94,4029586,2025,8,GGGL,Grass and Ceramics,Ghani Global Glass Limited
2025-08-27,24.1,24.35,23.5,23.95,2904972,2025,8,GGL,Chemical,Ghani Global Holdings Limited
2025-08-27,42.53,43.16,42.5,42.7,244932,2025,8,GHGL,Grass and Ceramics,Ghani Glass Limited
2025-08-27,807.49,817.0,807.49,810.28,64082,2025,8,GHNI,Automobile Assembler,Ghandhara Industries Limited
2025-08-27,405.0,410.0,396.6,397.7,517244,2025,8,GLAXO,Pharmaceuticals,GlaxoSmithKline (Pakistan) Limited
2025-08-27,253.99,253.99,243.0,244.65,6341,2025,8,GLPL,Food and Personal Care Products,Gillette Pakistan Limited
2025-08-27,131.0,131.0,123.0,124.23,2401,2025,8,GOC,Misc.,GOC (Pak) Limited.
2025-08-27,19.95,20.1,18.51,20.03,305034,2025,8,GRR,Real Estate Investment Trust,Globe Residency Reit
2025-08-27,19.5,19.5,17.71,19.0,134471,2025,8,GRYL,Leasing Companies,Grays Leasing Limited
2025-08-27,6.39,6.39,5.86,5.88,40075,2025,8,GSPM,Textile Spinning,Gulshan Spinning Mills Limited
2025-08-27,46.51,47.8,46.47,46.87,572133,2025,8,GTYR,Automobile Parts and Accessories,General Tyre and Rubber Co. of Pakistan Limited
2025-08-27,10.85,11.0,10.53,10.88,10708,2025,8,GUSM,Textile Spinning,Gulistan Spinning Mills Limited
2025-08-27,65.27,66.0,65.01,65.03,3210,2025,8,GVGL,Grass and Ceramics,Ghani Value Glass Limited
2025-08-27,52.7,52.89,51.05,51.78,458421,2025,8,GWLC,Cement,Gharibwal Cement Limited
2025-08-27,81.7,83.35,81.2,83.09,8997,2025,8,HABSM,Sugar and Allied Industries,Habib Sugar Mills Limited
2025-08-27,22.7,23.0,21.9,22.01,128767,2025,8,HAEL,Textile Composite,Hala Enterprises Limited
2025-08-27,887.2,891.26,870.0,871.12,99444,2025,8,HALEON,Pharmaceuticals,Haleon Pakistan Limited
2025-08-27,10.62,10.85,10.55,10.57,6671342,2025,8,HASCOL,Oil and Gas Marketing,Hascol Petroleum Limited
2025-08-27,261.95,261.95,253.0,255.1,983277,2025,8,HBL,Commercial Banks,Habib Bank Limited
2025-08-27,291.1,293.04,289.98,290.13,215489,2025,8,HCAR,Automobile Assembler,Honda Atlas Cars (Pakistan) Limited
2025-08-27,13.55,13.6,13.3,13.32,334714,2025,8,HGFA,Close End Mutual Funds,HBL Growth Fund
2025-08-27,15.7,16.5,15.0,15.24,1231883,2025,8,HICL,Insurance,Habib Insurance Company Limited
2025-08-27,5.59,5.59,5.28,5.49,962075,2025,8,HIFA,Close End Mutual Funds,HBL Investment Fund
2025-08-27,554.89,554.89,525.0,530.72,19877,2025,8,HINO,Automobile Assembler,HinoPak Motors Limited
2025-08-27,1220.0,1222.9,1202.01,1212.77,41886,2025,8,HINOON,Pharmaceuticals,Highnoon Laboratories Limited
2025-08-27,5.25,5.35,5.13,5.17,377478,2025,8,HIRAT,Textile Spinning,Hira Textile Mills Limited
2025-08-27,118.0,118.75,115.9,116.26,291137,2025,8,HMB,Commercial Banks,Habib Metropolitan Bank Limited
2025-08-27,31.88,31.88,31.0,31.09,3225,2025,8,HRPL,Sugar and Allied Industries,Habib Rice Product Limited.
2025-08-27,46.43,46.97,45.51,45.77,510054,2025,8,HTL,Oil and Gas Marketing,Hi-Tech Lubricants Limited
2025-08-27,165.0,166.75,163.8,164.21,3515991,2025,8,HUBC,Power Generation and Distribution,Hub Power Company Limited
2025-08-27,14.0,14.19,13.65,13.77,547279,2025,8,HUMNL,Technoly and Commnunication,Hum Network Limited
2025-08-27,29.95,29.95,29.95,29.64,1,2025,8,HUSI,Textile Composite,Husein Industries Limited
2025-08-27,16.9,17.25,16.56,16.81,382262,2025,8,HWQS,Sugar and Allied Industries,Haseeb Waqas Sugar Mills Limited
2025-08-27,330.0,330.0,312.5,312.17,84,2025,8,IBFL,Synthetic and Rayon,Ibrahim Fibre Limited
2025-08-27,62.03,62.05,61.11,61.32,106354,2025,8,IBLHL,Pharmaceuticals,IBL HealthCare Limited
2025-08-27,12.4,12.4,11.89,11.97,31829,2025,8,ICCI,Textile Weaving,ICC Industries Limited
2025-08-27,8.32,8.6,8.0,8.04,5712550,2025,8,ICIBL,Banks/INV. COS/Securities COS.,Invest Capital Investment Bank Limited
2025-08-27,88.68,91.5,88.68,89.5,34126,2025,8,ICL,Chemical,Ittehad Chemical Limited
2025-08-27,22.52,22.52,21.5,22.06,7087,2025,8,IDRT,Textile Spinning,Idrees Textile Mills Limited
2025-08-27,26.9,26.9,22.58,22.59,21644,2025,8,IDSM,Textile Spinning,Ideal Spinning Mills Limited
2025-08-27,174.97,182.0,174.0,178.01,27781,2025,8,IDYM,Textile Spinning,Indus Dyeing Manufacturing Company Limited
2025-08-27,304.9,310.0,288.0,303.35,164077,2025,8,IGIHL,Insurance,IGI Holdings Limited
2025-08-27,20.55,21.25,20.1,20.43,13032,2025,8,IGIL,Insurance,IGI Life Insurance Company Limited
2025-08-27,71.8,71.98,71.01,71.23,171821,2025,8,ILP,Textile Composite,Interloop Limited
2025-08-27,28.0,28.25,27.4,27.51,1801411,2025,8,IMAGE,Synthetic and Rayon,Image Pakistan Limited
2025-08-27,22.4,23.5,21.6,22.43,25373,2025,8,IML,Banks/INV. COS/Securities COS.,Imperial Mills Limited
2025-08-27,2398.0,2398.0,2326.37,2360.68,3164,2025,8,INDU,Automobile Assembler,Indus Motor Company Limited
2025-08-27,194.0,209.88,194.0,200.51,1010363,2025,8,INIL,Engineering,International Industries Limited
2025-08-27,43.33,43.33,41.0,41.78,27638,2025,8,INKL,Textile Composite,International Knitwear Limited
2025-08-27,2189.89,2189.9,2125.0,2186.8,32,2025,8,ISIL,Food and Personal Care Products,Ismail Industries Limited
2025-08-27,104.0,108.75,103.8,105.65,538307,2025,8,ISL,Engineering,International Steels Limited
2025-08-27,9.15,9.2,8.92,9.04,1033782,2025,8,ITTEFAQ,Engineering,Ittefaq Iron Industries Limited
2025-08-27,33.33,33.5,32.5,32.52,5310,2025,8,JATM,Textile Spinning,J.A. Textile Mills Limited
2025-08-27,97.0,97.0,94.25,96.71,12053,2025,8,JDMT,Textile Spinning,Janana-de-Malucho Textile Mills Limited
2025-08-27,925.0,939.99,920.0,925.0,679,2025,8,JDWS,Sugar and Allied Industries,J.D.W. Sugar Mills Limited
2025-08-27,76.0,79.9,75.0,79.23,327281,2025,8,JGICL,Insurance,Jubilee General Insurance Company Limited
2025-08-27,262.0,275.0,255.1,273.96,458,2025,8,JKSM,Textile Spinning,J.K. Spinning Mills Limited
2025-08-27,172.0,177.8,168.94,168.97,27725,2025,8,JLICL,Insurance,Jubilee Life Insurance Company Limited
2025-08-27,14.0,14.14,13.6,13.72,2535261,2025,8,JSBL,Commercial Banks,JS Bank Limited
2025-08-27,23.75,24.9,23.52,24.36,765612,2025,8,JSCL,Banks/INV. COS/Securities COS.,Jahangir Siddiqui Company Limited
2025-08-27,12.0,12.55,12.0,12.5,50941,2025,8,JSCLPSA,Banks/INV. COS/Securities COS.,Jahangir Sidd(PREF)
2025-08-27,140.0,142.0,138.0,139.16,1859,2025,8,JSGCL,Banks/INV. COS/Securities COS.,JS Global Capital Limited
2025-08-27,30.9,31.44,30.9,31.0,7260,2025,8,JSIL,Banks/INV. COS/Securities COS.,JS Investments Limited
2025-08-27,52.43,53.5,50.1,52.41,81278,2025,8,JSML,Sugar and Allied Industries,Jauharabad Sugar Mills Limited
2025-08-27,40.0,46.52,38.21,46.52,1388811,2025,8,JUBS,Textile Composite,Jubilee Spinning and Weaving Mills Limited
2025-08-27,82.8,82.8,79.0,79.23,264407,2025,8,JVDC,Property,Javedan Corporation Limited
2025-08-27,35.9,36.11,35.4,35.59,493248,2025,8,KAPCO,Power Generation and Distribution,Kot Addu Power Company Limited
2025-08-27,165.25,165.25,165.25,165.24,1,2025,8,KCL,Grass and Ceramics,Karam Ceramics Limited
2025-08-27,5.0,5.05,4.97,4.98,7918862,2025,8,KEL,Power Generation and Distribution,K-Electric Limited
2025-08-27,469.98,469.98,456.0,457.02,15442,2025,8,KHTC,Tobacco,Khyber Tobacco Company Limited
2025-08-27,1492.89,1492.89,1435.0,1492.1,58,2025,8,KHYT,Textile Composite,Khyber Textile Mills Limited
2025-08-27,84.0,86.0,83.5,84.17,15019,2025,8,KML,Textile Composite,Kohinoor Mills Limited
2025-08-27,105.79,108.49,98.41,98.67,2023504,2025,8,KOHC,Cement,Kohat Cement Limited
2025-08-27,22.9,22.9,22.01,22.18,152132,2025,8,KOHE,Power Generation and Distribution,Kohinoor Energy Limited
2025-08-27,9.85,10.15,9.22,9.38,308588,2025,8,KOHP,Power Generation and Distribution,Kohinoor Power Company Limited
2025-08-27,61.0,66.48,61.0,64.66,185440,2025,8,KOHTM,Textile Spinning,Kohat Textile Mills Limited
2025-08-27,13.5,13.9,13.01,13.22,47194,2025,8,KOIL,Textile Composite,Kohinoor Industries Limited
2025-08-27,6.78,6.91,6.6,6.7,18559910,2025,8,KOSM,Textile Spinning,Kohinoor Spinning Mills Limited
2025-08-27,143.0,143.0,141.0,142.58,560,2025,8,KPUS,Sugar and Allied Industries,Khairpur Sugar Mills Limited
2025-08-27,225.0,225.0,219.0,223.61,184698,2025,8,KSBP,Engineering,K.S.B. Pumps Co. Limited
2025-08-27,9.85,9.85,9.3,9.71,646,2025,8,KSTM,Textile Spinning,Khalid Siraj Textile Mills Limited
2025-08-27,249.9,250.0,244.0,245.03,25777,2025,8,KTML,Textile Composite,Kohinoor Textile Mills Limited
2025-08-27,336.0,337.0,325.0,326.5,164406,2025,8,LCI,Chemical,Lucky Core Industries Limited
2025-08-27,48.61,52.95,48.3,48.3,116074,2025,8,LEUL,Leather and Tanneries,Leather Up Industries Limited
2025-08-27,15.7,15.85,15.41,15.49,1098994,2025,8,LOADS,Automobile Parts and Accessories,Loads Limited
2025-08-27,21.68,21.75,21.5,21.65,1689953,2025,8,LOTCHEM,Chemical,Lotte Chemical Pakistan Limited
2025-08-27,112.9,113.93,110.11,111.0,6342,2025,8,LPGL,Chemical,Leiner Pak Gelatine Limited
2025-08-27,27.19,27.5,26.6,26.95,313822,2025,8,LPL,Power Generation and Distribution,Lalpir Power Limited
2025-08-27,418.0,419.5,413.8,414.63,787919,2025,8,LUCK,Cement,Lucky Cement Limited
2025-08-27,34.56,34.72,33.5,33.85,245672,2025,8,MACFL,Misc.,Macpac Films Limited
2025-08-27,398.0,399.9,388.0,392.32,26710,2025,8,MACTER,Pharmaceuticals,Macter International Limited
2025-08-27,632.7,632.99,620.0,621.28,1340947,2025,8,MARI,Oil and Gas Exploration,Mari Petroleum Company Limited
2025-08-27,350.19,354.99,350.19,352.94,320344,2025,8,MCB,Commercial Banks,MCB Bank Limited
2025-08-27,3.2,3.95,3.2,3.46,22755526,2025,8,MDTL,Technoly and Commnunication,Media Times Limited
2025-08-27,391.0,395.9,391.0,394.97,1934069,2025,8,MEBL,Commercial Banks,Meezan Bank Limited
2025-08-27,355.99,355.99,341.25,345.0,571,2025,8,MEHT,Textile Composite,Mehmood Textile Mills Limited
2025-08-27,11.94,11.99,11.56,11.62,376861,2025,8,MERIT,Paper and Board,Merit Packaging Limited
2025-08-27,213.98,213.98,210.0,210.45,16024,2025,8,MFFL,Food and Personal Care Products,Mitchells Fruit Farms Limited
2025-08-27,53.1,54.87,50.1,50.87,82549,2025,8,MFL,Food and Personal Care Products,Matco Foods Limited
2025-08-27,43.31,44.49,42.6,42.87,355906,2025,8,MIRKS,Sugar and Allied Industries,Mirpurkhas Sugar Mills Limited
2025-08-27,96.94,96.94,93.84,94.15,4478123,2025,8,MLCF,Cement,Maple Leaf Cement Factory Limited
2025-08-27,41.9,42.48,40.05,41.08,17818,2025,8,MQTM,Textile Spinning,Maqbool Textile Mills Limited
2025-08-27,67.02,68.49,66.5,67.44,6705,2025,8,MRNS,Sugar and Allied Industries,Mehran Sugar Mills Limited
2025-08-27,14.25,14.64,13.9,14.04,108864,2025,8,MSCL,Engineering,Metropolitan Steel Corporation Limited
2025-08-27,63.0,65.89,63.0,65.2,3684,2025,8,MSOT,Textile Composite,Masood Textile Mills Limited
2025-08-27,570.55,577.5,570.55,572.17,88948,2025,8,MTL,Automobile Assembler,Millat Tractors Limited
2025-08-27,75.94,77.9,75.0,75.36,2147062,2025,8,MUGHAL,Engineering,Mughal Iron and Steel Industries Limited
2025-08-27,1060.0,1094.9,1032.0,1040.02,75399,2025,8,MUREB,Food and Personal Care Products,Murree Brewery Company Limited
2025-08-27,46.32,46.32,43.02,44.21,16432,2025,8,MWMP,Misc.,Mandviwala Mauser Plastic Industries Limited
2025-08-27,383.87,383.87,377.07,378.1,145914,2025,8,NATF,Food and Personal Care Products,National Foods Limited
2025-08-27,153.01,153.49,148.0,148.56,6242031,2025,8,NBP,Commercial Banks,National Bank Of Pakistan
2025-08-27,46.1,47.6,45.5,46.14,61176,2025,8,NCL,Textile Composite,Nishat Chunian Limited
2025-08-27,13.3,13.3,13.3,13.27,2,2025,8,NCML,Textile Spinning,Nazir Cotton Mills Limited
2025-08-27,27.95,27.95,27.0,27.15,215293,2025,8,NCPL,Power Generation and Distribution,Nishat Chunian Power Limited
2025-08-27,8270.0,8357.86,8035.0,8287.14,303,2025,8,NESTLE,Food and Personal Care Products,Nestle Pakistan Limited
2025-08-27,143.11,144.0,140.0,140.67,581215,2025,8,NETSOL,Technoly and Commnunication,NetSol Technologies Limited
2025-08-27,11.3,12.0,10.14,11.85,71705,2025,8,NEXT,Banks/INV. COS/Securities COS.,Next Capital Limited
2025-08-27,169.01,171.95,165.99,166.86,15413,2025,8,NICL,Chemical,Nimir Industrial Chemicals Limited
2025-08-27,145.0,146.74,144.75,145.01,292666,2025,8,NML,Textile Composite,Nishat Mills Limited
2025-08-27,84.4,84.4,84.0,84.22,1054,2025,8,NONS,Sugar and Allied Industries,Noon Sugar Mills Limited
2025-08-27,40.11,40.34,40.01,40.02,313148,2025,8,NPL,Power Generation and Distribution,Nishat Power Limited
2025-08-27,272.6,275.99,264.0,266.78,886707,2025,8,NRL,Refinery,National Refinery Limited
2025-08-27,34.0,34.4,32.9,33.01,710936,2025,8,NRSL,Chemical,Nimir Resins Limited
2025-08-27,113.0,113.0,113.0,114.5,12,2025,8,NSRM,Synthetic and Rayon,National Silk and Rayon Mills Limited
2025-08-27,9.09,9.09,8.91,8.93,145618,2025,8,OBOY,Oil and Gas Marketing,Oilboy Engergy Limited
2025-08-27,53.35,53.99,53.03,53.23,423462,2025,8,OCTOPUS,Technoly and Commnunication,Octopus Digital Limited
2025-08-27,261.0,261.99,259.02,260.33,2744110,2025,8,OGDC,Oil and Gas Exploration,Oil and Gas Development Company Limited
2025-08-27,45.0,47.0,44.5,46.84,74551,2025,8,OLPL,Banks/INV. COS/Securities COS.,Orix Leasing Pakistan Limited
2025-08-27,21.0,21.8,21.0,21.36,31482,2025,8,OLPM,Modrabas,OLP Modaraba
2025-08-27,39.63,39.63,38.0,39.63,364,2025,8,OML,Misc.,Olympia Mills Limited
2025-08-27,11.1,11.1,10.8,10.9,185420,2025,8,ORM,Modrabas,Orient Rental Mod
2025-08-27,294.0,295.0,263.29,268.66,169126,2025,8,OTSU,Pharmaceuticals,Otsuka Pakistan Limited
2025-08-27,159.0,162.99,157.0,161.36,590823,2025,8,PABC,Misc.,Pakistan Aluminium Beverage Cans Limited
2025-08-27,6.15,7.06,6.04,7.06,87764239,2025,8,PACE,Property,Pace (Pakistan) Limited
2025-08-27,43.55,45.45,43.11,45.06,25629784,2025,8,PAEL,Cable and Electrical Goods,Pak Elektron Limited
2025-08-27,211.0,211.0,204.76,205.12,6378,2025,8,PAKD,Technoly and Commnunication,Pak Datacom Limited
2025-08-27,33.0,33.99,33.0,34.0,263,2025,8,PAKL,Leather and Tanneries,Pak Leather Crafts Limited
2025-08-27,236.05,255.0,236.05,248.62,124819,2025,8,PAKOXY,Chemical,Pakistan Oxygen Limited
2025-08-27,14.81,15.0,14.51,14.55,564545,2025,8,PAKRI,Insurance,Pakistan Reinsurance Company Limited
2025-08-27,1344.74,1344.74,1315.0,1321.14,27061,2025,8,PAKT,Tobacco,Pakistan Tobacco Company Limited
2025-08-27,2.78,3.06,2.76,2.8,25008140,2025,8,PASL,Banks/INV. COS/Securities COS.,Pervez Ahmed Consultancy Services Limited
2025-08-27,8.35,8.35,8.15,8.16,7134,2025,8,PASM,Textile Composite,Paramount Spinning Mills Limited
2025-08-27,179.8,180.0,176.7,177.86,11744,2025,8,PCAL,Cable and Electrical Goods,Pakistan Cables Limited
2025-08-27,600.01,649.98,590.0,648.42,366,2025,8,PECO,Engineering,Pakistan Engineering Company Limited
2025-08-27,20.08,20.08,19.53,19.55,11489,2025,8,PGLC,Leasing Companies,Pak Gulf Leasing Company Limited
2025-08-27,11.2,11.37,11.01,11.05,7364269,2025,8,PIBTL,Transport,Pakistan International Bulk Terminal Limited
2025-08-27,41.0,41.47,39.7,41.03,250645,2025,8,PICT,Transport,Pakistan International Container Terminal Limited
2025-08-27,6.0,6.0,5.51,5.62,233264,2025,8,PIL,Insurance,PICIC Insurance Limited
2025-08-27,28.48,28.48,26.48,28.48,45737,2025,8,PIM,Modrabas,Popular Islamic Modaraba
2025-08-27,9.31,9.49,8.61,8.76,286766,2025,8,PINL,Insurance,Premier Insurance Limited
2025-08-27,248.0,248.8,238.0,239.48,279743,2025,8,PIOC,Cement,Pioneer Cement Limited
2025-08-27,10.77,11.3,10.1,10.91,9263,2025,8,PKGI,Insurance,Pakistan General Insurance Company Limited
2025-08-27,127.85,128.0,126.01,126.03,2505,2025,8,PKGP,Power Generation and Distribution,PAKGEN Power Limited
2025-08-27,709.0,720.0,680.0,681.54,6559,2025,8,PKGS,Paper and Board,Packages Limited
2025-08-27,1300.0,1300.0,1300.0,1300.0,235,2025,8,PMPK,Tobacco,Philip Morris (Pakistan) Limited
2025-08-27,435.0,435.0,420.0,420.95,17856,2025,8,PNSC,Transport,Pakistan National Shipping Corporation Limited
2025-08-27,660.0,664.99,654.5,655.56,172221,2025,8,POL,Oil and Gas Exploration,Pakistan Oilfields Limited
2025-08-27,207.0,207.0,200.01,203.09,3174,2025,8,POML,Vanaspati and Allied Industry,Punjab Oil Mills Limited
2025-08-27,15.5,15.95,15.44,15.65,7163718,2025,8,POWER,Cement,Power Cement Limited
2025-08-27,23.75,25.43,21.21,25.09,1256,2025,8,POWERPS,Cement,Power Cement PREF
2025-08-27,179.0,179.0,175.8,176.67,4235219,2025,8,PPL,Oil and Gas Exploration,Pakistan Petroleum Limited
2025-08-27,179.4,182.0,176.0,177.2,26579,2025,8,PPP,Paper and Board,Pakistan Paper Prouducts Limited
2025-08-27,17.15,17.19,16.0,16.48,1731,2025,8,PPVC,Chemical,Pakistan PVC Limited
2025-08-27,40.07,42.12,40.0,40.8,6315720,2025,8,PREMA,Food and Personal Care Products,At-Tahur Limited
2025-08-27,31.43,31.55,31.01,31.07,2330845,2025,8,PRL,Refinery,Pakistan Refinery Limited
2025-08-27,56.01,58.0,56.01,58.0,548,2025,8,PRWM,Textile Weaving,Prosperity Weaving Mills Limited
2025-08-27,934.99,934.99,907.0,923.65,223,2025,8,PSEL,Misc.,Pakistan Services Limited
2025-08-27,404.7,404.7,396.9,399.1,4019510,2025,8,PSO,Oil and Gas Marketing,Pakistan State Oil Company Limited
2025-08-27,32.6,32.97,32.2,32.29,836181,2025,8,PSX,Banks/INV. COS/Securities COS.,Pakistan Stock Exchange Limited
2025-08-27,66.0,66.0,65.0,65.05,1745,2025,8,PSYL,Synthetic and Rayon,Pakistan Synthetics Limited
2025-08-27,23.93,23.95,23.2,23.22,1912027,2025,8,PTC,Technoly and Commnunication,Pakistan Telecommunication Company Limited
2025-08-27,54.1,54.6,53.05,53.16,91728,2025,8,PTL,Automobile Parts and Accessories,Panther Tyres Ltd.
2025-08-27,17.68,17.68,16.35,16.43,45038,2025,8,QUET,Textile Composite,Quetta Textile Mills Limited
2025-08-27,8.36,8.68,8.26,8.37,2586737,2025,8,QUICE,Food and Personal Care Products,Quice Food Limited
2025-08-27,510.0,515.0,510.0,512.37,95,2025,8,RCML,Textile Spinning,Reliance Cotton Spinning Mills Limited
2025-08-27,25.41,25.9,25.05,25.69,1296,2025,8,REDCO,Textile Composite,Redco Textiles Limited
2025-08-27,12.87,12.87,12.59,12.7,22664,2025,8,RICL,Insurance,Reliance Insurance Company Limited
2025-08-27,9540.0,9700.0,9511.94,9537.63,78,2025,8,RMPL,Food and Personal Care Products,Rafhan Maize Products Limited
2025-08-27,20.46,20.98,20.15,20.45,782996,2025,8,RPL,Paper and Board,Roshan Packages Limited
2025-08-27,14.87,14.87,13.0,13.67,19769,2025,8,RUBY,Textile Spinning,Ruby Textile Mills Limited
2025-08-27,34.98,34.98,33.5,34.5,9264,2025,8,RUPL,Synthetic and Rayon,Rupali Polyester Limited
2025-08-27,26.9,26.9,26.0,26.02,1648,2025,8,SAIF,Textile Spinning,Saif Textile Mills Limited
2025-08-27,65.0,69.48,62.0,63.58,8407,2025,8,SANSM,Sugar and Allied Industries,Sanghar Sugar Mills Limited
2025-08-27,1490.0,1490.0,1415.0,1431.37,441,2025,8,SAPT,Textile Composite,Sapphire Textile Mills Limited
2025-08-27,78.0,78.0,73.16,75.54,6032,2025,8,SARC,Chemical,Sardar Chemical Industries Limited
2025-08-27,200.0,210.0,200.0,200.63,607,2025,8,SASML,Sugar and Allied Industries,Sind Abadgar Sugar Mills Limited
2025-08-27,1475.0,1500.0,1470.0,1495.23,136401,2025,8,SAZEW,Automobile Assembler,Sazgar Engineering  Works Limited
2025-08-27,9.79,9.79,9.15,9.5,19936,2025,8,SBL,Commercial Banks,Samba Bank Limited
2025-08-27,82.49,82.49,78.0,78.6,128349,2025,8,SCBPL,Commercial Banks,Standard Chartered Bank Limited
2025-08-27,325.01,328.68,325.01,325.03,207,2025,8,SCL,Food and Personal Care Products,Shield Corporation Limited
2025-08-27,110.9,112.74,106.5,108.1,5698159,2025,8,SEARL,Pharmaceuticals,The Searle Company Limited
2025-08-27,15.49,15.8,14.01,14.92,12279,2025,8,SEL,Power Generation and Distribution,Sitara Energy Limited
2025-08-27,175.88,177.0,174.76,175.14,8681,2025,8,SEPL,Paper and Board,Security Paper Limited
2025-08-27,21.99,22.99,21.99,22.01,107,2025,8,SERT,Textile Spinning,Service Industries Textile Limited
2025-08-27,1089.0,1089.0,1044.0,1073.63,39,2025,8,SFL,Textile Composite,Sapphire Fibers Limited
2025-08-27,93.2,93.2,90.6,93.2,2820538,2025,8,SGF,Leather and Tanneries,Service GlobalFootwear Limited
2025-08-27,12.23,13.0,12.0,12.25,75463,2025,8,SGPL,Power Generation and Distribution,S.G. Power Limited
2025-08-27,45.9,45.9,43.5,43.54,1663,2025,8,SHCM,Textile Spinning,Shadman Cotton Mills Limited
2025-08-27,63.0,68.55,63.0,68.54,1070525,2025,8,SHDT,Textile Spinning,Shadab Textile Mills Limited
2025-08-27,200.0,203.99,200.0,200.0,21930,2025,8,SHEZ,Food and Personal Care Products,Shezan International Limited
2025-08-27,570.33,579.0,570.0,576.96,11531,2025,8,SHFA,Misc.,Shifa International Hospitals Limited
2025-08-27,147.49,147.49,135.0,134.11,66,2025,8,SHJS,Sugar and Allied Industries,Shahtaj Sugar Mills Limited
2025-08-27,9.5,10.35,9.4,9.56,292107,2025,8,SHNI,Insurance,Shaheen Insurance Company Limited
2025-08-27,431.01,479.78,431.01,479.75,30655,2025,8,SHSML,Sugar and Allied Industries,Shahmurad Sugar Mills Limited
2025-08-27,10.52,11.22,10.22,10.22,145025,2025,8,SIBL,Banks/INV. COS/Securities COS.,Security Investment Bank Limited
2025-08-27,1549.0,1560.0,1549.0,1549.63,259,2025,8,SIEM,Cable and Electrical Goods,Siemens Pakistan Engineering Co. Limited
2025-08-27,15.49,15.49,14.76,14.85,4668,2025,8,SINDM,Modrabas,Sindh Modaraba
2025-08-27,616.0,625.0,615.0,618.94,6369,2025,8,SITC,Chemical,Sitara Chemical Industries Limited
2025-08-27,12.0,12.0,11.5,11.67,61073,2025,8,SKRS,Sugar and Allied Industries,Sakrand Sugar Mills Limited
2025-08-27,18.4,19.29,16.8,17.27,65440,2025,8,SLYT,Textile Spinning,Sally Textile Mills Limited
2025-08-27,26.6,26.84,25.38,25.51,152842,2025,8,SMCPL,Cement,Safe Mix Concrete Limited
2025-08-27,65.5,65.5,65.0,65.0,10010,2025,8,SML,Sugar and Allied Industries,Shakarganj Limited
2025-08-27,26.3,26.3,26.1,26.25,4970,2025,8,SNAI,Textile Spinning,Sana Industries Limited
2025-08-27,24.5,24.74,21.85,21.96,7712458,2025,8,SNBL,Commercial Banks,Soneri Bank Limited
2025-08-27,116.95,117.17,115.25,115.61,633142,2025,8,SNGP,Oil and Gas Marketing,Sui Northern Gas Pipelines Limited
2025-08-27,65.9,66.35,62.3,63.72,4803212,2025,8,SPEL,Misc.,Synthetic Products Enterprises Limited
2025-08-27,17.85,17.99,17.5,17.56,32461,2025,8,SPL,Chemical,Sitara Peroxide Limited
2025-08-27,12.2,12.37,11.96,12.03,966903,2025,8,SPWL,Power Generation and Distribution,Saif Power Limited
2025-08-27,1333.0,1340.0,1240.0,1246.35,18287,2025,8,SRVI,Leather and Tanneries,Service Industries Limited
2025-08-27,43.01,43.67,41.9,42.05,13335378,2025,8,SSGC,Oil and Gas Marketing,Sui Southern Gas Company Limited
2025-08-27,15.0,15.35,15.0,15.01,16274,2025,8,SSML,Textile Spinning,Saritow Spinning Mills Limited
2025-08-27,670.0,715.0,650.0,683.62,99497,2025,8,SSOM,Vanaspati and Allied Industry,S.S. Oil Mills Limited
2025-08-27,17.25,17.42,16.85,17.1,604963,2025,8,STCL,Grass and Ceramics,Shabbir Tiles and Ceramics Limited
2025-08-27,77.0,77.0,77.0,76.0,16,2025,8,STJT,Textile Weaving,Shahtaj Textile Mills Limited
2025-08-27,7.72,8.07,7.62,7.67,4788117,2025,8,STPL,Misc.,Siddiqsons Tin Plate Limited
2025-08-27,137.5,139.06,137.5,139.06,2487,2025,8,SUHJ,JUTE,Suhail Jute Mills Limited
2025-08-27,131.95,131.95,127.12,127.96,38651,2025,8,SURC,Textile Composite,Suraj Cotton Mills Limited
2025-08-27,174.0,180.0,170.0,173.14,10799,2025,8,SUTM,Textile Spinning,Sunrays Textile Mills Limited
2025-08-27,137.4,138.59,135.49,135.78,1599756,2025,8,SYS,Technoly and Commnunication,Systems Limited
2025-08-27,60.05,64.74,57.05,57.8,570,2025,8,SZTM,Textile Spinning,Shahzad Textile Mills Limited
2025-08-27,218.97,225.0,202.1,209.23,383903,2025,8,TATM,Textile Spinning,Tata Textile Mills Limited
2025-08-27,17.11,17.9,16.62,17.31,99156,2025,8,TCORP,Sugar and Allied Industries,Tariq Corporation Limited
2025-08-27,8.56,8.56,8.33,8.51,193,2025,8,TCORPCPS,Sugar and Allied Industries,Tariq Corporation Limited(Pref)
2025-08-27,8.05,8.09,7.95,7.99,3058820,2025,8,TELE,Technoly and Commnunication,Telecard Limited
2025-08-27,256.1,258.85,252.0,252.19,23793,2025,8,TGL,Grass and Ceramics,Tariq Glass Industries Limited
2025-08-27,597.94,609.0,551.5,587.19,16940,2025,8,THALL,Automobile Parts and Accessories,Thal Limited
2025-08-27,43.52,43.9,43.11,43.37,495293,2025,8,THCCL,Cement,Thatta Cement Company Limited
2025-08-27,559.0,559.0,551.01,554.8,69,2025,8,TICL,Sugar and Allied Industries,Thal Industries Corporation Limited
2025-08-27,41.4,45.06,41.25,45.06,17017968,2025,8,TOMCL,Food and Personal Care Products,The Organic Meat Company Limited
2025-08-27,173.0,173.0,168.0,169.2,26852,2025,8,TOWL,Textile Composite,Towellers Limited
2025-08-27,7.64,7.64,7.64,7.64,3287433,2025,8,TPL,Technoly and Commnunication,TPL Corp Limited
2025-08-27,12.41,12.41,12.41,12.41,453183,2025,8,TPLI,Insurance,TPL Insurance Limited
2025-08-27,10.56,11.09,10.56,10.69,42675243,2025,8,TPLP,Property,TPL Properties Limited
2025-08-27,7.69,8.24,7.6,7.69,6105113,2025,8,TPLT,Technoly and Commnunication,TPL Trakker Limited
2025-08-27,25.0,25.0,23.5,23.61,16061940,2025,8,TREET,Food and Personal Care Products,Treet Corporation Limited
2025-08-27,57.0,57.2,55.55,55.88,2781144,2025,8,TRG,Technoly and Commnunication,TRG Pakistan Limited
2025-08-27,133.0,133.0,129.0,129.11,25202,2025,8,TRIPF,Misc.,Tri-Pack Films Limited
2025-08-27,41.01,42.79,41.0,41.43,694903,2025,8,TRSM,Modrabas,Trust Modarba
2025-08-27,13.19,13.29,13.0,13.0,101896,2025,8,TSBL,Banks/INV. COS/Securities COS.,Trust Securities and  Brokerage Limited
2025-08-27,12.98,12.98,12.98,12.68,440,2025,8,TSMF,Close End Mutual Funds,Tri-Star Mutual Fund Limited
2025-08-27,183.33,199.99,183.33,200.02,18,2025,8,TSML,Sugar and Allied Industries,Tandlianwala Sugar Mills Limited
2025-08-27,9.65,9.65,9.1,9.1,939189,2025,8,TSPL,Power Generation and Distribution,Tri-Star Power Limited
2025-08-27,25.39,25.98,24.51,25.98,50166,2025,8,UBDL,Misc.,United Brands Limited
2025-08-27,379.99,382.5,375.0,380.22,529210,2025,8,UBL,Commercial Banks,United Bank Limited
2025-08-27,4.57,4.67,4.43,4.5,13876,2025,8,UCAPM,Modrabas,UNICAP Modarba
2025-08-27,80.43,80.89,79.55,80.6,5120,2025,8,UDPL,Misc.,United Distributors Pakistan Limited
2025-08-27,15.35,15.5,15.2,15.21,77039,2025,8,UNIC,Insurance,United Insurance Company of Pakistan Limited
2025-08-27,30.18,30.18,28.81,28.94,6644814,2025,8,UNITY,Food and Personal Care Products,Unity Foods Limited
2025-08-27,31169.0,32500.0,30526.0,32320.0,429,2025,8,UPFL,Food and Personal Care Products,Unilever Pakistan Foods Limited
2025-08-27,11.01,11.99,10.0,10.05,933471,2025,8,UVIC,Insurance,Universal Insurance Company Limited
2025-08-27,408.9,413.19,400.0,400.24,5749,2025,8,WAHN,Chemical,Wah Noble Chemicals Limited
2025-08-27,9.06,9.2,8.9,8.92,2477615,2025,8,WAVES,Cable and Electrical Goods,Waves Singer Pakistan Limited
2025-08-27,1.42,1.46,1.4,1.43,33668421,2025,8,WTL,Technoly and Commnunication,WorldCall Telecom Limited
2025-08-27,5.73,5.78,5.49,5.53,2781874,2025,8,YOUW,Textile Weaving,Yousuf Weaving Mills Limited
2025-08-27,78.1,79.36,70.12,70.89,179468,2025,8,ZAHID,Textile Composite,Zahidjee Textile Mills Limited
2025-08-27,330.0,330.0,325.0,323.52,53,2025,8,ZIL,Food and Personal Care Products,ZIL Limited
2025-08-27,18.0,18.2,17.5,17.75,669,2025,8,ZTL,Textile Weaving,Zephyr Textile Limited
